Alias,uri,Date event,RDFType,Subject,Content,Creator,Created,rdf:type,RDFLabel
12/DZ_PG_10/ZM4365/WW/1/DIA2017-05-19T12:00:00+01:00,http://www.phenome-fppn.fr/diaphen/2017/o17000012,2017-06-29T12:00:00+01:00,http://www.phenome-fppn.fr/vocabulary/m3p/2015/event#Lodging,,Plots lodged after the storm,rncs,2017-07-06T12:00:00+01:00,,
13/DZ_PG_24/ZM4342/WW/1/DIA2017-05-19T12:00:00+01:00,http://www.phenome-fppn.fr/diaphen/2017/o17000013,2017-06-29T12:00:00+01:00,http://www.phenome-fppn.fr/vocabulary/m3p/2015/event#Lodging,,Plots lodged after the storm,rncs,2017-07-06T12:00:00+01:00,,
22/DZ_PG_50/ZM4363/WW/1/DIA2017-05-19T12:00:00+01:00,http://www.phenome-fppn.fr/diaphen/2017/o17000022,2017-06-29T12:00:00+01:00,http://www.phenome-fppn.fr/vocabulary/m3p/2015/event#Lodging,,Plots lodged after the storm,rncs,2017-07-06T12:00:00+01:00,,
25/DZ_PG_51/ZM4350/WW/1/DIA2017-05-19T12:00:00+01:00,http://www.phenome-fppn.fr/diaphen/2017/o17000025,2017-06-29T12:00:00+01:00,http://www.phenome-fppn.fr/vocabulary/m3p/2015/event#Lodging,,Plots lodged after the storm,rncs,2017-07-06T12:00:00+01:00,,
37/DZ_PG_43/ZM4380/WW/1/DIA2017-05-19T12:00:00+01:00,http://www.phenome-fppn.fr/diaphen/2017/o17000037,2017-06-29T12:00:00+01:00,http://www.phenome-fppn.fr/vocabulary/m3p/2015/event#Lodging,,Plots lodged after the storm,rncs,2017-07-06T12:00:00+01:00,,
49/DZ_PG_07/ZM4351/WW/1/DIA2017-05-19T12:00:00+01:00,http://www.phenome-fppn.fr/diaphen/2017/o17000049,2017-06-29T12:00:00+01:00,http://www.phenome-fppn.fr/vocabulary/m3p/2015/event#Lodging,,Plots lodged after the storm,rncs,2017-07-06T12:00:00+01:00,,
54/DZ_PG_45/ZM4385/WW/1/DIA2017-05-19T12:00:00+01:00,http://www.phenome-fppn.fr/diaphen/2017/o17000054,2017-06-29T12:00:00+01:00,http://www.phenome-fppn.fr/vocabulary/m3p/2015/event#Lodging,,Plots lodged after the storm,rncs,2017-07-06T12:00:00+01:00,,
60/DZ_PG_32/ZM4352/WW/1/DIA2017-05-19T12:00:00+01:00,http://www.phenome-fppn.fr/diaphen/2017/o17000060,2017-06-29T12:00:00+01:00,http://www.phenome-fppn.fr/vocabulary/m3p/2015/event#Lodging,,Plots lodged after the storm,rncs,2017-07-06T12:00:00+01:00,,
74/DZ_PG_20/ZM4344/WW/2/DIA2017-05-19T12:00:00+01:00,http://www.phenome-fppn.fr/diaphen/2017/o17000074,2017-06-29T12:00:00+01:00,http://www.phenome-fppn.fr/vocabulary/m3p/2015/event#Lodging,,Plots lodged after the storm,rncs,2017-07-06T12:00:00+01:00,,
81/DZ_PG_10/ZM4365/WW/2/DIA2017-05-19T12:00:00+01:00,http://www.phenome-fppn.fr/diaphen/2017/o17000081,2017-06-29T12:00:00+01:00,http://www.phenome-fppn.fr/vocabulary/m3p/2015/event#Lodging,,Plots lodged after the storm,rncs,2017-07-06T12:00:00+01:00,,
82/DZ_PG_54/ZM4346/WW/2/DIA2017-05-19T12:00:00+01:00,http://www.phenome-fppn.fr/diaphen/2017/o17000082,2017-06-29T12:00:00+01:00,http://www.phenome-fppn.fr/vocabulary/m3p/2015/event#Lodging,,Plots lodged after the storm,rncs,2017-07-06T12:00:00+01:00,,
87/DZ_PG_47/ZM4362/WW/2/DIA2017-05-19T12:00:00+01:00,http://www.phenome-fppn.fr/diaphen/2017/o17000087,2017-06-29T12:00:00+01:00,http://www.phenome-fppn.fr/vocabulary/m3p/2015/event#Lodging,,Plots lodged after the storm,rncs,2017-07-06T12:00:00+01:00,,
94/DZ_PG_21/ZM4360/WW/2/DIA2017-05-19T12:00:00+01:00,http://www.phenome-fppn.fr/diaphen/2017/o17000094,2017-06-29T12:00:00+01:00,http://www.phenome-fppn.fr/vocabulary/m3p/2015/event#Lodging,,Plots lodged after the storm,rncs,2017-07-06T12:00:00+01:00,,
95/DZ_PG_51/ZM4350/WW/2/DIA2017-05-19T12:00:00+01:00,http://www.phenome-fppn.fr/diaphen/2017/o17000095,2017-06-29T12:00:00+01:00,http://www.phenome-fppn.fr/vocabulary/m3p/2015/event#Lodging,,Plots lodged after the storm,rncs,2017-07-06T12:00:00+01:00,,
97/DZ_PG_45/ZM4385/WW/2/DIA2017-05-19T12:00:00+01:00,http://www.phenome-fppn.fr/diaphen/2017/o17000097,2017-06-29T12:00:00+01:00,http://www.phenome-fppn.fr/vocabulary/m3p/2015/event#Lodging,,Plots lodged after the storm,rncs,2017-07-06T12:00:00+01:00,,
102/DZ_PG_13/ZM4379/WW/2/DIA2017-05-19T12:00:00+01:00,http://www.phenome-fppn.fr/diaphen/2017/o17000102,2017-06-29T12:00:00+01:00,http://www.phenome-fppn.fr/vocabulary/m3p/2015/event#Lodging,,Plots lodged after the storm,rncs,2017-07-06T12:00:00+01:00,,
123/DZ_PG_07/ZM4351/WW/2/DIA2017-05-19T12:00:00+01:00,http://www.phenome-fppn.fr/diaphen/2017/o17000123,2017-06-29T12:00:00+01:00,http://www.phenome-fppn.fr/vocabulary/m3p/2015/event#Lodging,,Plots lodged after the storm,rncs,2017-07-06T12:00:00+01:00,,
262/DZ_PG_08/ZM4343/WD2/1/DIA2017-05-19T12:00:00+01:00,http://www.phenome-fppn.fr/diaphen/2017/o17000262,2017-06-29T12:00:00+01:00,http://www.phenome-fppn.fr/vocabulary/m3p/2015/event#Lodging,,Plots lodged after the storm,rncs,2017-07-06T12:00:00+01:00,,
303/DZ_PG_20/ZM4344/WD2/1/DIA2017-05-19T12:00:00+01:00,http://www.phenome-fppn.fr/diaphen/2017/o17000303,2017-06-29T12:00:00+01:00,http://www.phenome-fppn.fr/vocabulary/m3p/2015/event#Lodging,,Plots lodged after the storm,rncs,2017-07-06T12:00:00+01:00,,
330/DZ_PG_02/ZM4356/WD2/2/DIA2017-05-19T12:00:00+01:00,http://www.phenome-fppn.fr/diaphen/2017/o17000330,2017-06-29T12:00:00+01:00,http://www.phenome-fppn.fr/vocabulary/m3p/2015/event#Lodging,,Plots lodged after the storm,rncs,2017-07-06T12:00:00+01:00,,
334/DZ_PG_43/ZM4380/WD2/2/DIA2017-05-19T12:00:00+01:00,http://www.phenome-fppn.fr/diaphen/2017/o17000334,2017-06-29T12:00:00+01:00,http://www.phenome-fppn.fr/vocabulary/m3p/2015/event#Lodging,,Plots lodged after the storm,rncs,2017-07-06T12:00:00+01:00,,
342/DZ_PG_04/ZM4366/WD2/2/DIA2017-05-19T12:00:00+01:00,http://www.phenome-fppn.fr/diaphen/2017/o17000342,2017-06-29T12:00:00+01:00,http://www.phenome-fppn.fr/vocabulary/m3p/2015/event#Lodging,,Plots lodged after the storm,rncs,2017-07-06T12:00:00+01:00,,
357/DZ_PG_24/ZM4342/WD2/2/DIA2017-05-19T12:00:00+01:00,http://www.phenome-fppn.fr/diaphen/2017/o17000357,2017-06-29T12:00:00+01:00,http://www.phenome-fppn.fr/vocabulary/m3p/2015/event#Lodging,,Plots lodged after the storm,rncs,2017-07-06T12:00:00+01:00,,
367/DZ_PG_21/ZM4360/WD2/2/DIA2017-05-19T12:00:00+01:00,http://www.phenome-fppn.fr/diaphen/2017/o17000367,2017-06-29T12:00:00+01:00,http://www.phenome-fppn.fr/vocabulary/m3p/2015/event#Lodging,,Plots lodged after the storm,rncs,2017-07-06T12:00:00+01:00,,
369/DZ_PG_35/ZM4358/WD2/2/DIA2017-05-19T12:00:00+01:00,http://www.phenome-fppn.fr/diaphen/2017/o17000369,2017-06-29T12:00:00+01:00,http://www.phenome-fppn.fr/vocabulary/m3p/2015/event#Lodging,,Plots lodged after the storm,rncs,2017-07-06T12:00:00+01:00,,
370/DZ_PG_08/ZM4343/WD2/2/DIA2017-05-19T12:00:00+01:00,http://www.phenome-fppn.fr/diaphen/2017/o17000370,2017-06-29T12:00:00+01:00,http://www.phenome-fppn.fr/vocabulary/m3p/2015/event#Lodging,,Plots lodged after the storm,rncs,2017-07-06T12:00:00+01:00,,
373/DZ_PG_17/ZM4348/WD2/2/DIA2017-05-19T12:00:00+01:00,http://www.phenome-fppn.fr/diaphen/2017/o17000373,2017-06-29T12:00:00+01:00,http://www.phenome-fppn.fr/vocabulary/m3p/2015/event#Lodging,,Plots lodged after the storm,rncs,2017-07-06T12:00:00+01:00,,
374/DZ_PG_07/ZM4351/WD2/2/DIA2017-05-19T12:00:00+01:00,http://www.phenome-fppn.fr/diaphen/2017/o17000374,2017-06-29T12:00:00+01:00,http://www.phenome-fppn.fr/vocabulary/m3p/2015/event#Lodging,,Plots lodged after the storm,rncs,2017-07-06T12:00:00+01:00,,
375/DZ_PG_20/ZM4344/WD2/2/DIA2017-05-19T12:00:00+01:00,http://www.phenome-fppn.fr/diaphen/2017/o17000375,2017-06-29T12:00:00+01:00,http://www.phenome-fppn.fr/vocabulary/m3p/2015/event#Lodging,,Plots lodged after the storm,rncs,2017-07-06T12:00:00+01:00,,
46/DKC4590/XXXX/WW/1/DIA2017-05-19T12:00:00+01:00,http://www.phenome-fppn.fr/diaphen/2017/o17000046,2017-09-08T12:00:00+01:00,http://www.phenome-fppn.fr/vocabulary/m3p/2015/event#PestAttack,,Ustilago maydis infection,rncs,2017-09-15T12:00:00+01:00,hasPest,http://aims.fao.org/aos/agrovoc/c_34724
60/DZ_PG_32/ZM4352/WW/1/DIA2017-05-19T12:00:00+01:00,http://www.phenome-fppn.fr/diaphen/2017/o17000060,2017-09-08T12:00:00+01:00,http://www.phenome-fppn.fr/vocabulary/m3p/2015/event#PestAttack,,Ustilago maydis infection,rncs,2017-09-15T12:00:00+01:00,hasPest,http://aims.fao.org/aos/agrovoc/c_34724
62/DZ_PG_63/ZM4392/WW/1/DIA2017-05-19T12:00:00+01:00,http://www.phenome-fppn.fr/diaphen/2017/o17000062,2017-09-08T12:00:00+01:00,http://www.phenome-fppn.fr/vocabulary/m3p/2015/event#PestAttack,,Ustilago maydis infection,rncs,2017-09-15T12:00:00+01:00,hasPest,http://aims.fao.org/aos/agrovoc/c_34724
68/DZ_PG_03/ZM4377/WW/2/DIA2017-05-19T12:00:00+01:00,http://www.phenome-fppn.fr/diaphen/2017/o17000068,2017-09-08T12:00:00+01:00,http://www.phenome-fppn.fr/vocabulary/m3p/2015/event#PestAttack,,Ustilago maydis infection,rncs,2017-09-15T12:00:00+01:00,hasPest,http://aims.fao.org/aos/agrovoc/c_34724
72/DZ_PG_39/ZM4371/WW/2/DIA2017-05-19T12:00:00+01:00,http://www.phenome-fppn.fr/diaphen/2017/o17000072,2017-09-08T12:00:00+01:00,http://www.phenome-fppn.fr/vocabulary/m3p/2015/event#PestAttack,,Ustilago maydis infection,rncs,2017-09-15T12:00:00+01:00,hasPest,http://aims.fao.org/aos/agrovoc/c_34724
122/DZ_PG_72/ZM4398/WW/2/DIA2017-05-19T12:00:00+01:00,http://www.phenome-fppn.fr/diaphen/2017/o17000122,2017-09-08T12:00:00+01:00,http://www.phenome-fppn.fr/vocabulary/m3p/2015/event#PestAttack,,Ustilago maydis infection,rncs,2017-09-15T12:00:00+01:00,hasPest,http://aims.fao.org/aos/agrovoc/c_34724
124/DZ_PG_01/ZM4381/WW/2/DIA2017-05-19T12:00:00+01:00,http://www.phenome-fppn.fr/diaphen/2017/o17000124,2017-09-08T12:00:00+01:00,http://www.phenome-fppn.fr/vocabulary/m3p/2015/event#PestAttack,,Ustilago maydis infection,rncs,2017-09-15T12:00:00+01:00,hasPest,http://aims.fao.org/aos/agrovoc/c_34724
186/DZ_PG_54/ZM4346/WD1/1/DIA2017-05-19T12:00:00+01:00,http://www.phenome-fppn.fr/diaphen/2017/o17000186,2017-09-08T12:00:00+01:00,http://www.phenome-fppn.fr/vocabulary/m3p/2015/event#PestAttack,,Ustilago maydis infection,rncs,2017-09-15T12:00:00+01:00,hasPest,http://aims.fao.org/aos/agrovoc/c_34724
217/DZ_PG_45/ZM4385/WD1/2/DIA2017-05-19T12:00:00+01:00,http://www.phenome-fppn.fr/diaphen/2017/o17000217,2017-09-08T12:00:00+01:00,http://www.phenome-fppn.fr/vocabulary/m3p/2015/event#PestAttack,,Ustilago maydis infection,rncs,2017-09-15T12:00:00+01:00,hasPest,http://aims.fao.org/aos/agrovoc/c_34724
248/DZ_PG_27/ZM4354/WD1/2/DIA2017-05-19T12:00:00+01:00,http://www.phenome-fppn.fr/diaphen/2017/o17000248,2017-09-08T12:00:00+01:00,http://www.phenome-fppn.fr/vocabulary/m3p/2015/event#PestAttack,,Ustilago maydis infection,rncs,2017-09-15T12:00:00+01:00,hasPest,http://aims.fao.org/aos/agrovoc/c_34724
250/DZ_PG_13/ZM4379/WD1/2/DIA2017-05-19T12:00:00+01:00,http://www.phenome-fppn.fr/diaphen/2017/o17000250,2017-09-08T12:00:00+01:00,http://www.phenome-fppn.fr/vocabulary/m3p/2015/event#PestAttack,,Ustilago maydis infection,rncs,2017-09-15T12:00:00+01:00,hasPest,http://aims.fao.org/aos/agrovoc/c_34724
255/DZ_PG_02/ZM4356/WD1/2/DIA2017-05-19T12:00:00+01:00,http://www.phenome-fppn.fr/diaphen/2017/o17000255,2017-09-08T12:00:00+01:00,http://www.phenome-fppn.fr/vocabulary/m3p/2015/event#PestAttack,,Ustilago maydis infection,rncs,2017-09-15T12:00:00+01:00,hasPest,http://aims.fao.org/aos/agrovoc/c_34724
317/DZ_PG_26/ZM4387/WD2/1/DIA2017-05-19T12:00:00+01:00,http://www.phenome-fppn.fr/diaphen/2017/o17000317,2017-09-08T12:00:00+01:00,http://www.phenome-fppn.fr/vocabulary/m3p/2015/event#PestAttack,,Ustilago maydis infection,rncs,2017-09-15T12:00:00+01:00,hasPest,http://aims.fao.org/aos/agrovoc/c_34724
321/DZ_PG_54/ZM4346/WD2/1/DIA2017-05-19T12:00:00+01:00,http://www.phenome-fppn.fr/diaphen/2017/o17000321,2017-09-08T12:00:00+01:00,http://www.phenome-fppn.fr/vocabulary/m3p/2015/event#PestAttack,,Ustilago maydis infection,rncs,2017-09-15T12:00:00+01:00,hasPest,http://aims.fao.org/aos/agrovoc/c_34724
323/DZ_PG_16/ZM4359/WD2/1/DIA2017-05-19T12:00:00+01:00,http://www.phenome-fppn.fr/diaphen/2017/o17000323,2017-09-08T12:00:00+01:00,http://www.phenome-fppn.fr/vocabulary/m3p/2015/event#PestAttack,,Ustilago maydis infection,rncs,2017-09-15T12:00:00+01:00,hasPest,http://aims.fao.org/aos/agrovoc/c_34724
338/DZ_PG_11/ZM4386/WD2/2/DIA2017-05-19T12:00:00+01:00,http://www.phenome-fppn.fr/diaphen/2017/o17000338,2017-09-11T12:00:00+01:00,http://www.phenome-fppn.fr/vocabulary/m3p/2015/event#PestAttack,,Ustilago maydis infection,rncs,2017-09-18T12:00:00+01:00,hasPest,http://aims.fao.org/aos/agrovoc/c_34724
339/DZ_PG_62/ZM4393/WD2/2/DIA2017-05-19T12:00:00+01:00,http://www.phenome-fppn.fr/diaphen/2017/o17000339,2017-09-11T12:00:00+01:00,http://www.phenome-fppn.fr/vocabulary/m3p/2015/event#PestAttack,,Ustilago maydis infection,rncs,2017-09-18T12:00:00+01:00,hasPest,http://aims.fao.org/aos/agrovoc/c_34724
340/DZ_PG_55/ZM4355/WD2/2/DIA2017-05-19T12:00:00+01:00,http://www.phenome-fppn.fr/diaphen/2017/o17000340,2017-09-11T12:00:00+01:00,http://www.phenome-fppn.fr/vocabulary/m3p/2015/event#PestAttack,,Ustilago maydis infection,rncs,2017-09-18T12:00:00+01:00,hasPest,http://aims.fao.org/aos/agrovoc/c_34724
348/DZ_PG_62/ZM4393/WD2/2/DIA2017-05-19T12:00:00+01:00,http://www.phenome-fppn.fr/diaphen/2017/o17000348,2017-09-11T12:00:00+01:00,http://www.phenome-fppn.fr/vocabulary/m3p/2015/event#PestAttack,,Ustilago maydis infection,rncs,2017-09-18T12:00:00+01:00,hasPest,http://aims.fao.org/aos/agrovoc/c_34724
349/DZ_PG_77/ZM4452/WD2/2/DIA2017-05-19T12:00:00+01:00,http://www.phenome-fppn.fr/diaphen/2017/o17000349,2017-09-11T12:00:00+01:00,http://www.phenome-fppn.fr/vocabulary/m3p/2015/event#PestAttack,,Ustilago maydis infection,rncs,2017-09-18T12:00:00+01:00,hasPest,http://aims.fao.org/aos/agrovoc/c_34724
351/DZ_PG_26/ZM4387/WD2/2/DIA2017-05-19T12:00:00+01:00,http://www.phenome-fppn.fr/diaphen/2017/o17000351,2017-09-11T12:00:00+01:00,http://www.phenome-fppn.fr/vocabulary/m3p/2015/event#PestAttack,,Ustilago maydis infection,rncs,2017-09-18T12:00:00+01:00,hasPest,http://aims.fao.org/aos/agrovoc/c_34724
356/DZ_PG_69/ZM4396/WD2/2/DIA2017-05-19T12:00:00+01:00,http://www.phenome-fppn.fr/diaphen/2017/o17000356,2017-09-11T12:00:00+01:00,http://www.phenome-fppn.fr/vocabulary/m3p/2015/event#PestAttack,,Ustilago maydis infection,rncs,2017-09-18T12:00:00+01:00,hasPest,http://aims.fao.org/aos/agrovoc/c_34724
361/DZ_PG_03/ZM4377/WD2/2/DIA2017-05-19T12:00:00+01:00,http://www.phenome-fppn.fr/diaphen/2017/o17000361,2017-09-11T12:00:00+01:00,http://www.phenome-fppn.fr/vocabulary/m3p/2015/event#PestAttack,,Ustilago maydis infection,rncs,2017-09-18T12:00:00+01:00,hasPest,http://aims.fao.org/aos/agrovoc/c_34724
363/DZ_PG_25/ZM4382/WD2/2/DIA2017-05-19T12:00:00+01:00,http://www.phenome-fppn.fr/diaphen/2017/o17000363,2017-09-11T12:00:00+01:00,http://www.phenome-fppn.fr/vocabulary/m3p/2015/event#PestAttack,,Ustilago maydis infection,rncs,2017-09-18T12:00:00+01:00,hasPest,http://aims.fao.org/aos/agrovoc/c_34724
364/DZ_PG_16/ZM4359/WD2/2/DIA2017-05-19T12:00:00+01:00,http://www.phenome-fppn.fr/diaphen/2017/o17000364,2017-09-11T12:00:00+01:00,http://www.phenome-fppn.fr/vocabulary/m3p/2015/event#PestAttack,,Ustilago maydis infection,rncs,2017-09-18T12:00:00+01:00,hasPest,http://aims.fao.org/aos/agrovoc/c_34724
365/DZ_PG_44/ZM4369/WD2/2/DIA2017-05-19T12:00:00+01:00,http://www.phenome-fppn.fr/diaphen/2017/o17000365,2017-09-11T12:00:00+01:00,http://www.phenome-fppn.fr/vocabulary/m3p/2015/event#PestAttack,,Ustilago maydis infection,rncs,2017-09-18T12:00:00+01:00,hasPest,http://aims.fao.org/aos/agrovoc/c_34724
369/DZ_PG_35/ZM4358/WD2/2/DIA2017-05-19T12:00:00+01:00,http://www.phenome-fppn.fr/diaphen/2017/o17000369,2017-09-11T12:00:00+01:00,http://www.phenome-fppn.fr/vocabulary/m3p/2015/event#PestAttack,,Ustilago maydis infection,rncs,2017-09-18T12:00:00+01:00,hasPest,http://aims.fao.org/aos/agrovoc/c_34724
373/DZ_PG_17/ZM4348/WD2/2/DIA2017-05-19T12:00:00+01:00,http://www.phenome-fppn.fr/diaphen/2017/o17000373,2017-09-11T12:00:00+01:00,http://www.phenome-fppn.fr/vocabulary/m3p/2015/event#PestAttack,,Ustilago maydis infection,rncs,2017-09-18T12:00:00+01:00,hasPest,http://aims.fao.org/aos/agrovoc/c_34724
374/DZ_PG_07/ZM4351/WD2/2/DIA2017-05-19T12:00:00+01:00,http://www.phenome-fppn.fr/diaphen/2017/o17000374,2017-09-11T12:00:00+01:00,http://www.phenome-fppn.fr/vocabulary/m3p/2015/event#PestAttack,,Ustilago maydis infection,rncs,2017-09-18T12:00:00+01:00,hasPest,http://aims.fao.org/aos/agrovoc/c_34724
375/DZ_PG_20/ZM4344/WD2/2/DIA2017-05-19T12:00:00+01:00,http://www.phenome-fppn.fr/diaphen/2017/o17000375,2017-09-11T12:00:00+01:00,http://www.phenome-fppn.fr/vocabulary/m3p/2015/event#PestAttack,,Ustilago maydis infection,rncs,2017-09-18T12:00:00+01:00,hasPest,http://aims.fao.org/aos/agrovoc/c_34724
380/DZ_PG_50/ZM4363/WD2/2/DIA2017-05-19T12:00:00+01:00,http://www.phenome-fppn.fr/diaphen/2017/o17000380,2017-09-11T12:00:00+01:00,http://www.phenome-fppn.fr/vocabulary/m3p/2015/event#PestAttack,,Ustilago maydis infection,rncs,2017-09-18T12:00:00+01:00,hasPest,http://aims.fao.org/aos/agrovoc/c_34724
385/DZ_PG_72/ZM4398/WD2/2/DIA2017-05-19T12:00:00+01:00,http://www.phenome-fppn.fr/diaphen/2017/o17000385,2017-09-11T12:00:00+01:00,http://www.phenome-fppn.fr/vocabulary/m3p/2015/event#PestAttack,,Ustilago maydis infection,rncs,2017-09-18T12:00:00+01:00,hasPest,http://aims.fao.org/aos/agrovoc/c_34724
389/DZ_PG_66/ZM4391/WD2/2/DIA2017-05-19T12:00:00+01:00,http://www.phenome-fppn.fr/diaphen/2017/o17000389,2017-09-11T12:00:00+01:00,http://www.phenome-fppn.fr/vocabulary/m3p/2015/event#PestAttack,,Ustilago maydis infection,rncs,2017-09-18T12:00:00+01:00,hasPest,http://aims.fao.org/aos/agrovoc/c_34724
