concern,date,content,RDFType,action,destination,creator,created
http://www.phenome-fppn.fr/m3p/arch/2017/c17000241,19/05/2017,Transfer of plants from PHENOARCH to PHENODYN,http://www.phenome-fppn.fr/vocabulary/m3p/2015/event#MoveFrom,from,http://www.phenome-fppn.fr/m3p/phenoarch/,llca,26/05/2017
http://www.phenome-fppn.fr/m3p/arch/2017/c17000251,19/05/2017,Transfer of plants from PHENOARCH to PHENODYN,http://www.phenome-fppn.fr/vocabulary/m3p/2015/event#MoveFrom,from,http://www.phenome-fppn.fr/m3p/phenoarch/,llca,26/05/2017
http://www.phenome-fppn.fr/m3p/arch/2017/c17000252,19/05/2017,Transfer of plants from PHENOARCH to PHENODYN,http://www.phenome-fppn.fr/vocabulary/m3p/2015/event#MoveFrom,from,http://www.phenome-fppn.fr/m3p/phenoarch/,llca,26/05/2017
http://www.phenome-fppn.fr/m3p/arch/2017/c17000254,19/05/2017,Transfer of plants from PHENOARCH to PHENODYN,http://www.phenome-fppn.fr/vocabulary/m3p/2015/event#MoveFrom,from,http://www.phenome-fppn.fr/m3p/phenoarch/,llca,26/05/2017
http://www.phenome-fppn.fr/m3p/arch/2017/c17000259,19/05/2017,Transfer of plants from PHENOARCH to PHENODYN,http://www.phenome-fppn.fr/vocabulary/m3p/2015/event#MoveFrom,from,http://www.phenome-fppn.fr/m3p/phenoarch/,llca,26/05/2017
http://www.phenome-fppn.fr/m3p/arch/2017/c17000260,19/05/2017,Transfer of plants from PHENOARCH to PHENODYN,http://www.phenome-fppn.fr/vocabulary/m3p/2015/event#MoveFrom,from,http://www.phenome-fppn.fr/m3p/phenoarch/,llca,26/05/2017
http://www.phenome-fppn.fr/m3p/arch/2017/c17000261,19/05/2017,Transfer of plants from PHENOARCH to PHENODYN,http://www.phenome-fppn.fr/vocabulary/m3p/2015/event#MoveFrom,from,http://www.phenome-fppn.fr/m3p/phenoarch/,llca,26/05/2017
http://www.phenome-fppn.fr/m3p/arch/2017/c17000267,19/05/2017,Transfer of plants from PHENOARCH to PHENODYN,http://www.phenome-fppn.fr/vocabulary/m3p/2015/event#MoveFrom,from,http://www.phenome-fppn.fr/m3p/phenoarch/,llca,26/05/2017
http://www.phenome-fppn.fr/m3p/arch/2017/c17000268,19/05/2017,Transfer of plants from PHENOARCH to PHENODYN,http://www.phenome-fppn.fr/vocabulary/m3p/2015/event#MoveFrom,from,http://www.phenome-fppn.fr/m3p/phenoarch/,llca,26/05/2017
http://www.phenome-fppn.fr/m3p/arch/2017/c17000271,19/05/2017,Transfer of plants from PHENOARCH to PHENODYN,http://www.phenome-fppn.fr/vocabulary/m3p/2015/event#MoveFrom,from,http://www.phenome-fppn.fr/m3p/phenoarch/,llca,26/05/2017
http://www.phenome-fppn.fr/m3p/arch/2017/c17000274,19/05/2017,Transfer of plants from PHENOARCH to PHENODYN,http://www.phenome-fppn.fr/vocabulary/m3p/2015/event#MoveFrom,from,http://www.phenome-fppn.fr/m3p/phenoarch/,llca,26/05/2017
http://www.phenome-fppn.fr/m3p/arch/2017/c17000278,19/05/2017,Transfer of plants from PHENOARCH to PHENODYN,http://www.phenome-fppn.fr/vocabulary/m3p/2015/event#MoveFrom,from,http://www.phenome-fppn.fr/m3p/phenoarch/,llca,26/05/2017
http://www.phenome-fppn.fr/m3p/arch/2017/c17000280,19/05/2017,Transfer of plants from PHENOARCH to PHENODYN,http://www.phenome-fppn.fr/vocabulary/m3p/2015/event#MoveFrom,from,http://www.phenome-fppn.fr/m3p/phenoarch/,llca,26/05/2017
http://www.phenome-fppn.fr/m3p/arch/2017/c17000285,19/05/2017,Transfer of plants from PHENOARCH to PHENODYN,http://www.phenome-fppn.fr/vocabulary/m3p/2015/event#MoveFrom,from,http://www.phenome-fppn.fr/m3p/phenoarch/,llca,26/05/2017
http://www.phenome-fppn.fr/m3p/arch/2017/c17000292,19/05/2017,Transfer of plants from PHENOARCH to PHENODYN,http://www.phenome-fppn.fr/vocabulary/m3p/2015/event#MoveFrom,from,http://www.phenome-fppn.fr/m3p/phenoarch/,llca,26/05/2017
http://www.phenome-fppn.fr/m3p/arch/2017/c17000294,19/05/2017,Transfer of plants from PHENOARCH to PHENODYN,http://www.phenome-fppn.fr/vocabulary/m3p/2015/event#MoveFrom,from,http://www.phenome-fppn.fr/m3p/phenoarch/,llca,26/05/2017
http://www.phenome-fppn.fr/m3p/arch/2017/c17000296,19/05/2017,Transfer of plants from PHENOARCH to PHENODYN,http://www.phenome-fppn.fr/vocabulary/m3p/2015/event#MoveFrom,from,http://www.phenome-fppn.fr/m3p/phenoarch/,llca,26/05/2017
http://www.phenome-fppn.fr/m3p/arch/2017/c17000298,19/05/2017,Transfer of plants from PHENOARCH to PHENODYN,http://www.phenome-fppn.fr/vocabulary/m3p/2015/event#MoveFrom,from,http://www.phenome-fppn.fr/m3p/phenoarch/,llca,26/05/2017
http://www.phenome-fppn.fr/m3p/arch/2017/c17000299,19/05/2017,Transfer of plants from PHENOARCH to PHENODYN,http://www.phenome-fppn.fr/vocabulary/m3p/2015/event#MoveFrom,from,http://www.phenome-fppn.fr/m3p/phenoarch/,llca,26/05/2017
http://www.phenome-fppn.fr/m3p/arch/2017/c17000606,19/05/2017,Transfer of plants from PHENOARCH to PHENODYN,http://www.phenome-fppn.fr/vocabulary/m3p/2015/event#MoveFrom,from,http://www.phenome-fppn.fr/m3p/phenoarch/,llca,26/05/2017
http://www.phenome-fppn.fr/m3p/arch/2017/c17000609,19/05/2017,Transfer of plants from PHENOARCH to PHENODYN,http://www.phenome-fppn.fr/vocabulary/m3p/2015/event#MoveFrom,from,http://www.phenome-fppn.fr/m3p/phenoarch/,llca,26/05/2017
http://www.phenome-fppn.fr/m3p/arch/2017/c17000611,19/05/2017,Transfer of plants from PHENOARCH to PHENODYN,http://www.phenome-fppn.fr/vocabulary/m3p/2015/event#MoveFrom,from,http://www.phenome-fppn.fr/m3p/phenoarch/,llca,26/05/2017
http://www.phenome-fppn.fr/m3p/arch/2017/c17000618,19/05/2017,Transfer of plants from PHENOARCH to PHENODYN,http://www.phenome-fppn.fr/vocabulary/m3p/2015/event#MoveFrom,from,http://www.phenome-fppn.fr/m3p/phenoarch/,llca,26/05/2017
http://www.phenome-fppn.fr/m3p/arch/2017/c17000619,19/05/2017,Transfer of plants from PHENOARCH to PHENODYN,http://www.phenome-fppn.fr/vocabulary/m3p/2015/event#MoveFrom,from,http://www.phenome-fppn.fr/m3p/phenoarch/,llca,26/05/2017
http://www.phenome-fppn.fr/m3p/arch/2017/c17000624,19/05/2017,Transfer of plants from PHENOARCH to PHENODYN,http://www.phenome-fppn.fr/vocabulary/m3p/2015/event#MoveFrom,from,http://www.phenome-fppn.fr/m3p/phenoarch/,llca,26/05/2017
http://www.phenome-fppn.fr/m3p/arch/2017/c17000625,19/05/2017,Transfer of plants from PHENOARCH to PHENODYN,http://www.phenome-fppn.fr/vocabulary/m3p/2015/event#MoveFrom,from,http://www.phenome-fppn.fr/m3p/phenoarch/,llca,26/05/2017
http://www.phenome-fppn.fr/m3p/arch/2017/c17000627,19/05/2017,Transfer of plants from PHENOARCH to PHENODYN,http://www.phenome-fppn.fr/vocabulary/m3p/2015/event#MoveFrom,from,http://www.phenome-fppn.fr/m3p/phenoarch/,llca,26/05/2017
http://www.phenome-fppn.fr/m3p/arch/2017/c17000633,19/05/2017,Transfer of plants from PHENOARCH to PHENODYN,http://www.phenome-fppn.fr/vocabulary/m3p/2015/event#MoveFrom,from,http://www.phenome-fppn.fr/m3p/phenoarch/,llca,26/05/2017
http://www.phenome-fppn.fr/m3p/arch/2017/c17000636,19/05/2017,Transfer of plants from PHENOARCH to PHENODYN,http://www.phenome-fppn.fr/vocabulary/m3p/2015/event#MoveFrom,from,http://www.phenome-fppn.fr/m3p/phenoarch/,llca,26/05/2017
http://www.phenome-fppn.fr/m3p/arch/2017/c17000641,19/05/2017,Transfer of plants from PHENOARCH to PHENODYN,http://www.phenome-fppn.fr/vocabulary/m3p/2015/event#MoveFrom,from,http://www.phenome-fppn.fr/m3p/phenoarch/,llca,26/05/2017
http://www.phenome-fppn.fr/m3p/arch/2017/c17000643,19/05/2017,Transfer of plants from PHENOARCH to PHENODYN,http://www.phenome-fppn.fr/vocabulary/m3p/2015/event#MoveFrom,from,http://www.phenome-fppn.fr/m3p/phenoarch/,llca,26/05/2017
http://www.phenome-fppn.fr/m3p/arch/2017/c17000644,19/05/2017,Transfer of plants from PHENOARCH to PHENODYN,http://www.phenome-fppn.fr/vocabulary/m3p/2015/event#MoveFrom,from,http://www.phenome-fppn.fr/m3p/phenoarch/,llca,26/05/2017
http://www.phenome-fppn.fr/m3p/arch/2017/c17000646,19/05/2017,Transfer of plants from PHENOARCH to PHENODYN,http://www.phenome-fppn.fr/vocabulary/m3p/2015/event#MoveFrom,from,http://www.phenome-fppn.fr/m3p/phenoarch/,llca,26/05/2017
http://www.phenome-fppn.fr/m3p/arch/2017/c17000647,19/05/2017,Transfer of plants from PHENOARCH to PHENODYN,http://www.phenome-fppn.fr/vocabulary/m3p/2015/event#MoveFrom,from,http://www.phenome-fppn.fr/m3p/phenoarch/,llca,26/05/2017
http://www.phenome-fppn.fr/m3p/arch/2017/c17000650,19/05/2017,Transfer of plants from PHENOARCH to PHENODYN,http://www.phenome-fppn.fr/vocabulary/m3p/2015/event#MoveFrom,from,http://www.phenome-fppn.fr/m3p/phenoarch/,llca,26/05/2017
http://www.phenome-fppn.fr/m3p/arch/2017/c17000653,19/05/2017,Transfer of plants from PHENOARCH to PHENODYN,http://www.phenome-fppn.fr/vocabulary/m3p/2015/event#MoveFrom,from,http://www.phenome-fppn.fr/m3p/phenoarch/,llca,26/05/2017
http://www.phenome-fppn.fr/m3p/arch/2017/c17000656,19/05/2017,Transfer of plants from PHENOARCH to PHENODYN,http://www.phenome-fppn.fr/vocabulary/m3p/2015/event#MoveFrom,from,http://www.phenome-fppn.fr/m3p/phenoarch/,llca,26/05/2017
http://www.phenome-fppn.fr/m3p/arch/2017/c17000659,19/05/2017,Transfer of plants from PHENOARCH to PHENODYN,http://www.phenome-fppn.fr/vocabulary/m3p/2015/event#MoveFrom,from,http://www.phenome-fppn.fr/m3p/phenoarch/,llca,26/05/2017
http://www.phenome-fppn.fr/m3p/arch/2017/c17001085,19/05/2017,Transfer of plants from PHENOARCH to PHENODYN,http://www.phenome-fppn.fr/vocabulary/m3p/2015/event#MoveFrom,from,http://www.phenome-fppn.fr/m3p/phenoarch/,llca,26/05/2017
http://www.phenome-fppn.fr/m3p/arch/2017/c17001087,19/05/2017,Transfer of plants from PHENOARCH to PHENODYN,http://www.phenome-fppn.fr/vocabulary/m3p/2015/event#MoveFrom,from,http://www.phenome-fppn.fr/m3p/phenoarch/,llca,26/05/2017
http://www.phenome-fppn.fr/m3p/arch/2017/c17001093,19/05/2017,Transfer of plants from PHENOARCH to PHENODYN,http://www.phenome-fppn.fr/vocabulary/m3p/2015/event#MoveFrom,from,http://www.phenome-fppn.fr/m3p/phenoarch/,llca,26/05/2017
http://www.phenome-fppn.fr/m3p/arch/2017/c17001095,19/05/2017,Transfer of plants from PHENOARCH to PHENODYN,http://www.phenome-fppn.fr/vocabulary/m3p/2015/event#MoveFrom,from,http://www.phenome-fppn.fr/m3p/phenoarch/,llca,26/05/2017
http://www.phenome-fppn.fr/m3p/arch/2017/c17001098,19/05/2017,Transfer of plants from PHENOARCH to PHENODYN,http://www.phenome-fppn.fr/vocabulary/m3p/2015/event#MoveFrom,from,http://www.phenome-fppn.fr/m3p/phenoarch/,llca,26/05/2017
http://www.phenome-fppn.fr/m3p/arch/2017/c17001100,19/05/2017,Transfer of plants from PHENOARCH to PHENODYN,http://www.phenome-fppn.fr/vocabulary/m3p/2015/event#MoveFrom,from,http://www.phenome-fppn.fr/m3p/phenoarch/,llca,26/05/2017
http://www.phenome-fppn.fr/m3p/arch/2017/c17001101,19/05/2017,Transfer of plants from PHENOARCH to PHENODYN,http://www.phenome-fppn.fr/vocabulary/m3p/2015/event#MoveFrom,from,http://www.phenome-fppn.fr/m3p/phenoarch/,llca,26/05/2017
http://www.phenome-fppn.fr/m3p/arch/2017/c17001105,19/05/2017,Transfer of plants from PHENOARCH to PHENODYN,http://www.phenome-fppn.fr/vocabulary/m3p/2015/event#MoveFrom,from,http://www.phenome-fppn.fr/m3p/phenoarch/,llca,26/05/2017
http://www.phenome-fppn.fr/m3p/arch/2017/c17001112,19/05/2017,Transfer of plants from PHENOARCH to PHENODYN,http://www.phenome-fppn.fr/vocabulary/m3p/2015/event#MoveFrom,from,http://www.phenome-fppn.fr/m3p/phenoarch/,llca,26/05/2017
http://www.phenome-fppn.fr/m3p/arch/2017/c17001116,19/05/2017,Transfer of plants from PHENOARCH to PHENODYN,http://www.phenome-fppn.fr/vocabulary/m3p/2015/event#MoveFrom,from,http://www.phenome-fppn.fr/m3p/phenoarch/,llca,26/05/2017
http://www.phenome-fppn.fr/m3p/arch/2017/c17001122,19/05/2017,Transfer of plants from PHENOARCH to PHENODYN,http://www.phenome-fppn.fr/vocabulary/m3p/2015/event#MoveFrom,from,http://www.phenome-fppn.fr/m3p/phenoarch/,llca,26/05/2017
http://www.phenome-fppn.fr/m3p/arch/2017/c17001123,19/05/2017,Transfer of plants from PHENOARCH to PHENODYN,http://www.phenome-fppn.fr/vocabulary/m3p/2015/event#MoveFrom,from,http://www.phenome-fppn.fr/m3p/phenoarch/,llca,26/05/2017
http://www.phenome-fppn.fr/m3p/arch/2017/c17001131,19/05/2017,Transfer of plants from PHENOARCH to PHENODYN,http://www.phenome-fppn.fr/vocabulary/m3p/2015/event#MoveFrom,from,http://www.phenome-fppn.fr/m3p/phenoarch/,llca,26/05/2017
http://www.phenome-fppn.fr/m3p/arch/2017/c17001132,19/05/2017,Transfer of plants from PHENOARCH to PHENODYN,http://www.phenome-fppn.fr/vocabulary/m3p/2015/event#MoveFrom,from,http://www.phenome-fppn.fr/m3p/phenoarch/,llca,26/05/2017
http://www.phenome-fppn.fr/m3p/arch/2017/c17001133,19/05/2017,Transfer of plants from PHENOARCH to PHENODYN,http://www.phenome-fppn.fr/vocabulary/m3p/2015/event#MoveFrom,from,http://www.phenome-fppn.fr/m3p/phenoarch/,llca,26/05/2017
http://www.phenome-fppn.fr/m3p/arch/2017/c17001134,19/05/2017,Transfer of plants from PHENOARCH to PHENODYN,http://www.phenome-fppn.fr/vocabulary/m3p/2015/event#MoveFrom,from,http://www.phenome-fppn.fr/m3p/phenoarch/,llca,26/05/2017
http://www.phenome-fppn.fr/m3p/arch/2017/c17001136,19/05/2017,Transfer of plants from PHENOARCH to PHENODYN,http://www.phenome-fppn.fr/vocabulary/m3p/2015/event#MoveFrom,from,http://www.phenome-fppn.fr/m3p/phenoarch/,llca,26/05/2017
http://www.phenome-fppn.fr/m3p/arch/2017/c17001137,19/05/2017,Transfer of plants from PHENOARCH to PHENODYN,http://www.phenome-fppn.fr/vocabulary/m3p/2015/event#MoveFrom,from,http://www.phenome-fppn.fr/m3p/phenoarch/,llca,26/05/2017
http://www.phenome-fppn.fr/m3p/arch/2017/c17001139,19/05/2017,Transfer of plants from PHENOARCH to PHENODYN,http://www.phenome-fppn.fr/vocabulary/m3p/2015/event#MoveFrom,from,http://www.phenome-fppn.fr/m3p/phenoarch/,llca,26/05/2017
http://www.phenome-fppn.fr/m3p/arch/2017/c17001441,19/05/2017,Transfer of plants from PHENOARCH to PHENODYN,http://www.phenome-fppn.fr/vocabulary/m3p/2015/event#MoveFrom,from,http://www.phenome-fppn.fr/m3p/phenoarch/,llca,26/05/2017
http://www.phenome-fppn.fr/m3p/arch/2017/c17001443,19/05/2017,Transfer of plants from PHENOARCH to PHENODYN,http://www.phenome-fppn.fr/vocabulary/m3p/2015/event#MoveFrom,from,http://www.phenome-fppn.fr/m3p/phenoarch/,llca,26/05/2017
http://www.phenome-fppn.fr/m3p/arch/2017/c17001444,19/05/2017,Transfer of plants from PHENOARCH to PHENODYN,http://www.phenome-fppn.fr/vocabulary/m3p/2015/event#MoveFrom,from,http://www.phenome-fppn.fr/m3p/phenoarch/,llca,26/05/2017
http://www.phenome-fppn.fr/m3p/arch/2017/c17001446,19/05/2017,Transfer of plants from PHENOARCH to PHENODYN,http://www.phenome-fppn.fr/vocabulary/m3p/2015/event#MoveFrom,from,http://www.phenome-fppn.fr/m3p/phenoarch/,llca,26/05/2017
http://www.phenome-fppn.fr/m3p/arch/2017/c17001451,19/05/2017,Transfer of plants from PHENOARCH to PHENODYN,http://www.phenome-fppn.fr/vocabulary/m3p/2015/event#MoveFrom,from,http://www.phenome-fppn.fr/m3p/phenoarch/,llca,26/05/2017
http://www.phenome-fppn.fr/m3p/arch/2017/c17001452,19/05/2017,Transfer of plants from PHENOARCH to PHENODYN,http://www.phenome-fppn.fr/vocabulary/m3p/2015/event#MoveFrom,from,http://www.phenome-fppn.fr/m3p/phenoarch/,llca,26/05/2017
http://www.phenome-fppn.fr/m3p/arch/2017/c17001456,19/05/2017,Transfer of plants from PHENOARCH to PHENODYN,http://www.phenome-fppn.fr/vocabulary/m3p/2015/event#MoveFrom,from,http://www.phenome-fppn.fr/m3p/phenoarch/,llca,26/05/2017
http://www.phenome-fppn.fr/m3p/arch/2017/c17001457,19/05/2017,Transfer of plants from PHENOARCH to PHENODYN,http://www.phenome-fppn.fr/vocabulary/m3p/2015/event#MoveFrom,from,http://www.phenome-fppn.fr/m3p/phenoarch/,llca,26/05/2017
http://www.phenome-fppn.fr/m3p/arch/2017/c17001464,19/05/2017,Transfer of plants from PHENOARCH to PHENODYN,http://www.phenome-fppn.fr/vocabulary/m3p/2015/event#MoveFrom,from,http://www.phenome-fppn.fr/m3p/phenoarch/,llca,26/05/2017
http://www.phenome-fppn.fr/m3p/arch/2017/c17001467,19/05/2017,Transfer of plants from PHENOARCH to PHENODYN,http://www.phenome-fppn.fr/vocabulary/m3p/2015/event#MoveFrom,from,http://www.phenome-fppn.fr/m3p/phenoarch/,llca,26/05/2017
http://www.phenome-fppn.fr/m3p/arch/2017/c17001468,19/05/2017,Transfer of plants from PHENOARCH to PHENODYN,http://www.phenome-fppn.fr/vocabulary/m3p/2015/event#MoveFrom,from,http://www.phenome-fppn.fr/m3p/phenoarch/,llca,26/05/2017
http://www.phenome-fppn.fr/m3p/arch/2017/c17001474,19/05/2017,Transfer of plants from PHENOARCH to PHENODYN,http://www.phenome-fppn.fr/vocabulary/m3p/2015/event#MoveFrom,from,http://www.phenome-fppn.fr/m3p/phenoarch/,llca,26/05/2017
http://www.phenome-fppn.fr/m3p/arch/2017/c17001477,19/05/2017,Transfer of plants from PHENOARCH to PHENODYN,http://www.phenome-fppn.fr/vocabulary/m3p/2015/event#MoveFrom,from,http://www.phenome-fppn.fr/m3p/phenoarch/,llca,26/05/2017
http://www.phenome-fppn.fr/m3p/arch/2017/c17001485,19/05/2017,Transfer of plants from PHENOARCH to PHENODYN,http://www.phenome-fppn.fr/vocabulary/m3p/2015/event#MoveFrom,from,http://www.phenome-fppn.fr/m3p/phenoarch/,llca,26/05/2017
http://www.phenome-fppn.fr/m3p/arch/2017/c17001487,19/05/2017,Transfer of plants from PHENOARCH to PHENODYN,http://www.phenome-fppn.fr/vocabulary/m3p/2015/event#MoveFrom,from,http://www.phenome-fppn.fr/m3p/phenoarch/,llca,26/05/2017
http://www.phenome-fppn.fr/m3p/arch/2017/c17001495,19/05/2017,Transfer of plants from PHENOARCH to PHENODYN,http://www.phenome-fppn.fr/vocabulary/m3p/2015/event#MoveFrom,from,http://www.phenome-fppn.fr/m3p/phenoarch/,llca,26/05/2017
http://www.phenome-fppn.fr/m3p/arch/2017/c17001496,19/05/2017,Transfer of plants from PHENOARCH to PHENODYN,http://www.phenome-fppn.fr/vocabulary/m3p/2015/event#MoveFrom,from,http://www.phenome-fppn.fr/m3p/phenoarch/,llca,26/05/2017
http://www.phenome-fppn.fr/m3p/arch/2017/c17001499,19/05/2017,Transfer of plants from PHENOARCH to PHENODYN,http://www.phenome-fppn.fr/vocabulary/m3p/2015/event#MoveFrom,from,http://www.phenome-fppn.fr/m3p/phenoarch/,llca,26/05/2017
http://www.phenome-fppn.fr/m3p/arch/2017/c17001500,19/05/2017,Transfer of plants from PHENOARCH to PHENODYN,http://www.phenome-fppn.fr/vocabulary/m3p/2015/event#MoveFrom,from,http://www.phenome-fppn.fr/m3p/phenoarch/,llca,26/05/2017
http://www.phenome-fppn.fr/m3p/arch/2017/c17000242,16/05/2017,Transfer of plants from PHENOARCH to PHENODYN,http://www.phenome-fppn.fr/vocabulary/m3p/2015/event#MoveFrom,from,http://www.phenome-fppn.fr/m3p/phenoarch/,llca,23/05/2017
http://www.phenome-fppn.fr/m3p/arch/2017/c17000247,16/05/2017,Transfer of plants from PHENOARCH to PHENODYN,http://www.phenome-fppn.fr/vocabulary/m3p/2015/event#MoveFrom,from,http://www.phenome-fppn.fr/m3p/phenoarch/,llca,23/05/2017
http://www.phenome-fppn.fr/m3p/arch/2017/c17000248,16/05/2017,Transfer of plants from PHENOARCH to PHENODYN,http://www.phenome-fppn.fr/vocabulary/m3p/2015/event#MoveFrom,from,http://www.phenome-fppn.fr/m3p/phenoarch/,llca,23/05/2017
http://www.phenome-fppn.fr/m3p/arch/2017/c17000258,16/05/2017,Transfer of plants from PHENOARCH to PHENODYN,http://www.phenome-fppn.fr/vocabulary/m3p/2015/event#MoveFrom,from,http://www.phenome-fppn.fr/m3p/phenoarch/,llca,23/05/2017
http://www.phenome-fppn.fr/m3p/arch/2017/c17000265,16/05/2017,Transfer of plants from PHENOARCH to PHENODYN,http://www.phenome-fppn.fr/vocabulary/m3p/2015/event#MoveFrom,from,http://www.phenome-fppn.fr/m3p/phenoarch/,llca,23/05/2017
http://www.phenome-fppn.fr/m3p/arch/2017/c17000282,16/05/2017,Transfer of plants from PHENOARCH to PHENODYN,http://www.phenome-fppn.fr/vocabulary/m3p/2015/event#MoveFrom,from,http://www.phenome-fppn.fr/m3p/phenoarch/,llca,23/05/2017
http://www.phenome-fppn.fr/m3p/arch/2017/c17000283,16/05/2017,Transfer of plants from PHENOARCH to PHENODYN,http://www.phenome-fppn.fr/vocabulary/m3p/2015/event#MoveFrom,from,http://www.phenome-fppn.fr/m3p/phenoarch/,llca,23/05/2017
http://www.phenome-fppn.fr/m3p/arch/2017/c17000286,16/05/2017,Transfer of plants from PHENOARCH to PHENODYN,http://www.phenome-fppn.fr/vocabulary/m3p/2015/event#MoveFrom,from,http://www.phenome-fppn.fr/m3p/phenoarch/,llca,23/05/2017
http://www.phenome-fppn.fr/m3p/arch/2017/c17000290,16/05/2017,Transfer of plants from PHENOARCH to PHENODYN,http://www.phenome-fppn.fr/vocabulary/m3p/2015/event#MoveFrom,from,http://www.phenome-fppn.fr/m3p/phenoarch/,llca,23/05/2017
http://www.phenome-fppn.fr/m3p/arch/2017/c17000297,16/05/2017,Transfer of plants from PHENOARCH to PHENODYN,http://www.phenome-fppn.fr/vocabulary/m3p/2015/event#MoveFrom,from,http://www.phenome-fppn.fr/m3p/phenoarch/,llca,23/05/2017
http://www.phenome-fppn.fr/m3p/arch/2017/c17000300,16/05/2017,Transfer of plants from PHENOARCH to PHENODYN,http://www.phenome-fppn.fr/vocabulary/m3p/2015/event#MoveFrom,from,http://www.phenome-fppn.fr/m3p/phenoarch/,llca,23/05/2017
http://www.phenome-fppn.fr/m3p/arch/2017/c17000605,16/05/2017,Transfer of plants from PHENOARCH to PHENODYN,http://www.phenome-fppn.fr/vocabulary/m3p/2015/event#MoveFrom,from,http://www.phenome-fppn.fr/m3p/phenoarch/,llca,23/05/2017
http://www.phenome-fppn.fr/m3p/arch/2017/c17000607,16/05/2017,Transfer of plants from PHENOARCH to PHENODYN,http://www.phenome-fppn.fr/vocabulary/m3p/2015/event#MoveFrom,from,http://www.phenome-fppn.fr/m3p/phenoarch/,llca,23/05/2017
http://www.phenome-fppn.fr/m3p/arch/2017/c17000608,16/05/2017,Transfer of plants from PHENOARCH to PHENODYN,http://www.phenome-fppn.fr/vocabulary/m3p/2015/event#MoveFrom,from,http://www.phenome-fppn.fr/m3p/phenoarch/,llca,23/05/2017
http://www.phenome-fppn.fr/m3p/arch/2017/c17000610,16/05/2017,Transfer of plants from PHENOARCH to PHENODYN,http://www.phenome-fppn.fr/vocabulary/m3p/2015/event#MoveFrom,from,http://www.phenome-fppn.fr/m3p/phenoarch/,llca,23/05/2017
http://www.phenome-fppn.fr/m3p/arch/2017/c17000614,16/05/2017,Transfer of plants from PHENOARCH to PHENODYN,http://www.phenome-fppn.fr/vocabulary/m3p/2015/event#MoveFrom,from,http://www.phenome-fppn.fr/m3p/phenoarch/,llca,23/05/2017
http://www.phenome-fppn.fr/m3p/arch/2017/c17000622,16/05/2017,Transfer of plants from PHENOARCH to PHENODYN,http://www.phenome-fppn.fr/vocabulary/m3p/2015/event#MoveFrom,from,http://www.phenome-fppn.fr/m3p/phenoarch/,llca,23/05/2017
http://www.phenome-fppn.fr/m3p/arch/2017/c17000628,16/05/2017,Transfer of plants from PHENOARCH to PHENODYN,http://www.phenome-fppn.fr/vocabulary/m3p/2015/event#MoveFrom,from,http://www.phenome-fppn.fr/m3p/phenoarch/,llca,23/05/2017
http://www.phenome-fppn.fr/m3p/arch/2017/c17000630,16/05/2017,Transfer of plants from PHENOARCH to PHENODYN,http://www.phenome-fppn.fr/vocabulary/m3p/2015/event#MoveFrom,from,http://www.phenome-fppn.fr/m3p/phenoarch/,llca,23/05/2017
http://www.phenome-fppn.fr/m3p/arch/2017/c17000632,16/05/2017,Transfer of plants from PHENOARCH to PHENODYN,http://www.phenome-fppn.fr/vocabulary/m3p/2015/event#MoveFrom,from,http://www.phenome-fppn.fr/m3p/phenoarch/,llca,23/05/2017
http://www.phenome-fppn.fr/m3p/arch/2017/c17000660,16/05/2017,Transfer of plants from PHENOARCH to PHENODYN,http://www.phenome-fppn.fr/vocabulary/m3p/2015/event#MoveFrom,from,http://www.phenome-fppn.fr/m3p/phenoarch/,llca,23/05/2017
http://www.phenome-fppn.fr/m3p/arch/2017/c17001083,16/05/2017,Transfer of plants from PHENOARCH to PHENODYN,http://www.phenome-fppn.fr/vocabulary/m3p/2015/event#MoveFrom,from,http://www.phenome-fppn.fr/m3p/phenoarch/,llca,23/05/2017
http://www.phenome-fppn.fr/m3p/arch/2017/c17001084,16/05/2017,Transfer of plants from PHENOARCH to PHENODYN,http://www.phenome-fppn.fr/vocabulary/m3p/2015/event#MoveFrom,from,http://www.phenome-fppn.fr/m3p/phenoarch/,llca,23/05/2017
http://www.phenome-fppn.fr/m3p/arch/2017/c17001091,16/05/2017,Transfer of plants from PHENOARCH to PHENODYN,http://www.phenome-fppn.fr/vocabulary/m3p/2015/event#MoveFrom,from,http://www.phenome-fppn.fr/m3p/phenoarch/,llca,23/05/2017
http://www.phenome-fppn.fr/m3p/arch/2017/c17001094,16/05/2017,Transfer of plants from PHENOARCH to PHENODYN,http://www.phenome-fppn.fr/vocabulary/m3p/2015/event#MoveFrom,from,http://www.phenome-fppn.fr/m3p/phenoarch/,llca,23/05/2017
http://www.phenome-fppn.fr/m3p/arch/2017/c17001099,16/05/2017,Transfer of plants from PHENOARCH to PHENODYN,http://www.phenome-fppn.fr/vocabulary/m3p/2015/event#MoveFrom,from,http://www.phenome-fppn.fr/m3p/phenoarch/,llca,23/05/2017
http://www.phenome-fppn.fr/m3p/arch/2017/c17001103,16/05/2017,Transfer of plants from PHENOARCH to PHENODYN,http://www.phenome-fppn.fr/vocabulary/m3p/2015/event#MoveFrom,from,http://www.phenome-fppn.fr/m3p/phenoarch/,llca,23/05/2017
http://www.phenome-fppn.fr/m3p/arch/2017/c17001108,16/05/2017,Transfer of plants from PHENOARCH to PHENODYN,http://www.phenome-fppn.fr/vocabulary/m3p/2015/event#MoveFrom,from,http://www.phenome-fppn.fr/m3p/phenoarch/,llca,23/05/2017
http://www.phenome-fppn.fr/m3p/arch/2017/c17001117,16/05/2017,Transfer of plants from PHENOARCH to PHENODYN,http://www.phenome-fppn.fr/vocabulary/m3p/2015/event#MoveFrom,from,http://www.phenome-fppn.fr/m3p/phenoarch/,llca,23/05/2017
http://www.phenome-fppn.fr/m3p/arch/2017/c17001124,16/05/2017,Transfer of plants from PHENOARCH to PHENODYN,http://www.phenome-fppn.fr/vocabulary/m3p/2015/event#MoveFrom,from,http://www.phenome-fppn.fr/m3p/phenoarch/,llca,23/05/2017
http://www.phenome-fppn.fr/m3p/arch/2017/c17001135,16/05/2017,Transfer of plants from PHENOARCH to PHENODYN,http://www.phenome-fppn.fr/vocabulary/m3p/2015/event#MoveFrom,from,http://www.phenome-fppn.fr/m3p/phenoarch/,llca,23/05/2017
http://www.phenome-fppn.fr/m3p/arch/2017/c17001140,16/05/2017,Transfer of plants from PHENOARCH to PHENODYN,http://www.phenome-fppn.fr/vocabulary/m3p/2015/event#MoveFrom,from,http://www.phenome-fppn.fr/m3p/phenoarch/,llca,23/05/2017
http://www.phenome-fppn.fr/m3p/arch/2017/c17001442,16/05/2017,Transfer of plants from PHENOARCH to PHENODYN,http://www.phenome-fppn.fr/vocabulary/m3p/2015/event#MoveFrom,from,http://www.phenome-fppn.fr/m3p/phenoarch/,llca,23/05/2017
http://www.phenome-fppn.fr/m3p/arch/2017/c17001448,16/05/2017,Transfer of plants from PHENOARCH to PHENODYN,http://www.phenome-fppn.fr/vocabulary/m3p/2015/event#MoveFrom,from,http://www.phenome-fppn.fr/m3p/phenoarch/,llca,23/05/2017
http://www.phenome-fppn.fr/m3p/arch/2017/c17001449,16/05/2017,Transfer of plants from PHENOARCH to PHENODYN,http://www.phenome-fppn.fr/vocabulary/m3p/2015/event#MoveFrom,from,http://www.phenome-fppn.fr/m3p/phenoarch/,llca,23/05/2017
http://www.phenome-fppn.fr/m3p/arch/2017/c17001450,16/05/2017,Transfer of plants from PHENOARCH to PHENODYN,http://www.phenome-fppn.fr/vocabulary/m3p/2015/event#MoveFrom,from,http://www.phenome-fppn.fr/m3p/phenoarch/,llca,23/05/2017
http://www.phenome-fppn.fr/m3p/arch/2017/c17001480,16/05/2017,Transfer of plants from PHENOARCH to PHENODYN,http://www.phenome-fppn.fr/vocabulary/m3p/2015/event#MoveFrom,from,http://www.phenome-fppn.fr/m3p/phenoarch/,llca,23/05/2017
http://www.phenome-fppn.fr/m3p/arch/2017/c17001481,16/05/2017,Transfer of plants from PHENOARCH to PHENODYN,http://www.phenome-fppn.fr/vocabulary/m3p/2015/event#MoveFrom,from,http://www.phenome-fppn.fr/m3p/phenoarch/,llca,23/05/2017
http://www.phenome-fppn.fr/m3p/arch/2017/c17001484,16/05/2017,Transfer of plants from PHENOARCH to PHENODYN,http://www.phenome-fppn.fr/vocabulary/m3p/2015/event#MoveFrom,from,http://www.phenome-fppn.fr/m3p/phenoarch/,llca,23/05/2017
http://www.phenome-fppn.fr/m3p/arch/2017/c17001486,16/05/2017,Transfer of plants from PHENOARCH to PHENODYN,http://www.phenome-fppn.fr/vocabulary/m3p/2015/event#MoveFrom,from,http://www.phenome-fppn.fr/m3p/phenoarch/,llca,23/05/2017
http://www.phenome-fppn.fr/m3p/arch/2017/c17001489,16/05/2017,Transfer of plants from PHENOARCH to PHENODYN,http://www.phenome-fppn.fr/vocabulary/m3p/2015/event#MoveFrom,from,http://www.phenome-fppn.fr/m3p/phenoarch/,llca,23/05/2017
http://www.phenome-fppn.fr/m3p/arch/2017/c17001498,16/05/2017,Transfer of plants from PHENOARCH to PHENODYN,http://www.phenome-fppn.fr/vocabulary/m3p/2015/event#MoveFrom,from,http://www.phenome-fppn.fr/m3p/phenoarch/,llca,23/05/2017
http://www.phenome-fppn.fr/m3p/arch/2017/c17000255,23/05/2017,Transfer of plants from PHENOARCH to PHENODYN,http://www.phenome-fppn.fr/vocabulary/m3p/2015/event#MoveFrom,from,http://www.phenome-fppn.fr/m3p/phenoarch/,llca,30/05/2017
http://www.phenome-fppn.fr/m3p/arch/2017/c17000262,23/05/2017,Transfer of plants from PHENOARCH to PHENODYN,http://www.phenome-fppn.fr/vocabulary/m3p/2015/event#MoveFrom,from,http://www.phenome-fppn.fr/m3p/phenoarch/,llca,30/05/2017
http://www.phenome-fppn.fr/m3p/arch/2017/c17000263,23/05/2017,Transfer of plants from PHENOARCH to PHENODYN,http://www.phenome-fppn.fr/vocabulary/m3p/2015/event#MoveFrom,from,http://www.phenome-fppn.fr/m3p/phenoarch/,llca,30/05/2017
http://www.phenome-fppn.fr/m3p/arch/2017/c17000264,23/05/2017,Transfer of plants from PHENOARCH to PHENODYN,http://www.phenome-fppn.fr/vocabulary/m3p/2015/event#MoveFrom,from,http://www.phenome-fppn.fr/m3p/phenoarch/,llca,30/05/2017
http://www.phenome-fppn.fr/m3p/arch/2017/c17000270,23/05/2017,Transfer of plants from PHENOARCH to PHENODYN,http://www.phenome-fppn.fr/vocabulary/m3p/2015/event#MoveFrom,from,http://www.phenome-fppn.fr/m3p/phenoarch/,llca,30/05/2017
http://www.phenome-fppn.fr/m3p/arch/2017/c17000277,23/05/2017,Transfer of plants from PHENOARCH to PHENODYN,http://www.phenome-fppn.fr/vocabulary/m3p/2015/event#MoveFrom,from,http://www.phenome-fppn.fr/m3p/phenoarch/,llca,30/05/2017
http://www.phenome-fppn.fr/m3p/arch/2017/c17000284,23/05/2017,Transfer of plants from PHENOARCH to PHENODYN,http://www.phenome-fppn.fr/vocabulary/m3p/2015/event#MoveFrom,from,http://www.phenome-fppn.fr/m3p/phenoarch/,llca,30/05/2017
http://www.phenome-fppn.fr/m3p/arch/2017/c17000287,23/05/2017,Transfer of plants from PHENOARCH to PHENODYN,http://www.phenome-fppn.fr/vocabulary/m3p/2015/event#MoveFrom,from,http://www.phenome-fppn.fr/m3p/phenoarch/,llca,30/05/2017
http://www.phenome-fppn.fr/m3p/arch/2017/c17000602,23/05/2017,Transfer of plants from PHENOARCH to PHENODYN,http://www.phenome-fppn.fr/vocabulary/m3p/2015/event#MoveFrom,from,http://www.phenome-fppn.fr/m3p/phenoarch/,llca,30/05/2017
http://www.phenome-fppn.fr/m3p/arch/2017/c17000615,23/05/2017,Transfer of plants from PHENOARCH to PHENODYN,http://www.phenome-fppn.fr/vocabulary/m3p/2015/event#MoveFrom,from,http://www.phenome-fppn.fr/m3p/phenoarch/,llca,30/05/2017
http://www.phenome-fppn.fr/m3p/arch/2017/c17000617,23/05/2017,Transfer of plants from PHENOARCH to PHENODYN,http://www.phenome-fppn.fr/vocabulary/m3p/2015/event#MoveFrom,from,http://www.phenome-fppn.fr/m3p/phenoarch/,llca,30/05/2017
http://www.phenome-fppn.fr/m3p/arch/2017/c17000620,23/05/2017,Transfer of plants from PHENOARCH to PHENODYN,http://www.phenome-fppn.fr/vocabulary/m3p/2015/event#MoveFrom,from,http://www.phenome-fppn.fr/m3p/phenoarch/,llca,30/05/2017
http://www.phenome-fppn.fr/m3p/arch/2017/c17000626,23/05/2017,Transfer of plants from PHENOARCH to PHENODYN,http://www.phenome-fppn.fr/vocabulary/m3p/2015/event#MoveFrom,from,http://www.phenome-fppn.fr/m3p/phenoarch/,llca,30/05/2017
http://www.phenome-fppn.fr/m3p/arch/2017/c17000629,23/05/2017,Transfer of plants from PHENOARCH to PHENODYN,http://www.phenome-fppn.fr/vocabulary/m3p/2015/event#MoveFrom,from,http://www.phenome-fppn.fr/m3p/phenoarch/,llca,30/05/2017
http://www.phenome-fppn.fr/m3p/arch/2017/c17000655,23/05/2017,Transfer of plants from PHENOARCH to PHENODYN,http://www.phenome-fppn.fr/vocabulary/m3p/2015/event#MoveFrom,from,http://www.phenome-fppn.fr/m3p/phenoarch/,llca,30/05/2017
http://www.phenome-fppn.fr/m3p/arch/2017/c17000657,23/05/2017,Transfer of plants from PHENOARCH to PHENODYN,http://www.phenome-fppn.fr/vocabulary/m3p/2015/event#MoveFrom,from,http://www.phenome-fppn.fr/m3p/phenoarch/,llca,30/05/2017
http://www.phenome-fppn.fr/m3p/arch/2017/c17001088,23/05/2017,Transfer of plants from PHENOARCH to PHENODYN,http://www.phenome-fppn.fr/vocabulary/m3p/2015/event#MoveFrom,from,http://www.phenome-fppn.fr/m3p/phenoarch/,llca,30/05/2017
http://www.phenome-fppn.fr/m3p/arch/2017/c17001092,23/05/2017,Transfer of plants from PHENOARCH to PHENODYN,http://www.phenome-fppn.fr/vocabulary/m3p/2015/event#MoveFrom,from,http://www.phenome-fppn.fr/m3p/phenoarch/,llca,30/05/2017
http://www.phenome-fppn.fr/m3p/arch/2017/c17001110,23/05/2017,Transfer of plants from PHENOARCH to PHENODYN,http://www.phenome-fppn.fr/vocabulary/m3p/2015/event#MoveFrom,from,http://www.phenome-fppn.fr/m3p/phenoarch/,llca,30/05/2017
http://www.phenome-fppn.fr/m3p/arch/2017/c17001115,23/05/2017,Transfer of plants from PHENOARCH to PHENODYN,http://www.phenome-fppn.fr/vocabulary/m3p/2015/event#MoveFrom,from,http://www.phenome-fppn.fr/m3p/phenoarch/,llca,30/05/2017
http://www.phenome-fppn.fr/m3p/arch/2017/c17001120,23/05/2017,Transfer of plants from PHENOARCH to PHENODYN,http://www.phenome-fppn.fr/vocabulary/m3p/2015/event#MoveFrom,from,http://www.phenome-fppn.fr/m3p/phenoarch/,llca,30/05/2017
http://www.phenome-fppn.fr/m3p/arch/2017/c17001127,23/05/2017,Transfer of plants from PHENOARCH to PHENODYN,http://www.phenome-fppn.fr/vocabulary/m3p/2015/event#MoveFrom,from,http://www.phenome-fppn.fr/m3p/phenoarch/,llca,30/05/2017
http://www.phenome-fppn.fr/m3p/arch/2017/c17001128,23/05/2017,Transfer of plants from PHENOARCH to PHENODYN,http://www.phenome-fppn.fr/vocabulary/m3p/2015/event#MoveFrom,from,http://www.phenome-fppn.fr/m3p/phenoarch/,llca,30/05/2017
http://www.phenome-fppn.fr/m3p/arch/2017/c17001130,23/05/2017,Transfer of plants from PHENOARCH to PHENODYN,http://www.phenome-fppn.fr/vocabulary/m3p/2015/event#MoveFrom,from,http://www.phenome-fppn.fr/m3p/phenoarch/,llca,30/05/2017
http://www.phenome-fppn.fr/m3p/arch/2017/c17001454,23/05/2017,Transfer of plants from PHENOARCH to PHENODYN,http://www.phenome-fppn.fr/vocabulary/m3p/2015/event#MoveFrom,from,http://www.phenome-fppn.fr/m3p/phenoarch/,llca,30/05/2017
http://www.phenome-fppn.fr/m3p/arch/2017/c17001459,23/05/2017,Transfer of plants from PHENOARCH to PHENODYN,http://www.phenome-fppn.fr/vocabulary/m3p/2015/event#MoveFrom,from,http://www.phenome-fppn.fr/m3p/phenoarch/,llca,30/05/2017
http://www.phenome-fppn.fr/m3p/arch/2017/c17001475,23/05/2017,Transfer of plants from PHENOARCH to PHENODYN,http://www.phenome-fppn.fr/vocabulary/m3p/2015/event#MoveFrom,from,http://www.phenome-fppn.fr/m3p/phenoarch/,llca,30/05/2017
http://www.phenome-fppn.fr/m3p/arch/2017/c17001479,23/05/2017,Transfer of plants from PHENOARCH to PHENODYN,http://www.phenome-fppn.fr/vocabulary/m3p/2015/event#MoveFrom,from,http://www.phenome-fppn.fr/m3p/phenoarch/,llca,30/05/2017
http://www.phenome-fppn.fr/m3p/arch/2017/c17001483,23/05/2017,Transfer of plants from PHENOARCH to PHENODYN,http://www.phenome-fppn.fr/vocabulary/m3p/2015/event#MoveFrom,from,http://www.phenome-fppn.fr/m3p/phenoarch/,llca,30/05/2017
http://www.phenome-fppn.fr/m3p/arch/2017/c17001490,23/05/2017,Transfer of plants from PHENOARCH to PHENODYN,http://www.phenome-fppn.fr/vocabulary/m3p/2015/event#MoveFrom,from,http://www.phenome-fppn.fr/m3p/phenoarch/,llca,30/05/2017
http://www.phenome-fppn.fr/m3p/arch/2017/c17001493,23/05/2017,Transfer of plants from PHENOARCH to PHENODYN,http://www.phenome-fppn.fr/vocabulary/m3p/2015/event#MoveFrom,from,http://www.phenome-fppn.fr/m3p/phenoarch/,llca,30/05/2017
http://www.phenome-fppn.fr/m3p/arch/2017/c17001494,23/05/2017,Transfer of plants from PHENOARCH to PHENODYN,http://www.phenome-fppn.fr/vocabulary/m3p/2015/event#MoveFrom,from,http://www.phenome-fppn.fr/m3p/phenoarch/,llca,30/05/2017
http://www.phenome-fppn.fr/m3p/arch/2017/c17000244,12/05/2017,Transfer of plants from PHENOARCH to PHENODYN,http://www.phenome-fppn.fr/vocabulary/m3p/2015/event#MoveFrom,from,http://www.phenome-fppn.fr/m3p/phenoarch/,llca,19/05/2017
http://www.phenome-fppn.fr/m3p/arch/2017/c17000246,12/05/2017,Transfer of plants from PHENOARCH to PHENODYN,http://www.phenome-fppn.fr/vocabulary/m3p/2015/event#MoveFrom,from,http://www.phenome-fppn.fr/m3p/phenoarch/,llca,19/05/2017
http://www.phenome-fppn.fr/m3p/arch/2017/c17000249,12/05/2017,Transfer of plants from PHENOARCH to PHENODYN,http://www.phenome-fppn.fr/vocabulary/m3p/2015/event#MoveFrom,from,http://www.phenome-fppn.fr/m3p/phenoarch/,llca,19/05/2017
http://www.phenome-fppn.fr/m3p/arch/2017/c17000257,12/05/2017,Transfer of plants from PHENOARCH to PHENODYN,http://www.phenome-fppn.fr/vocabulary/m3p/2015/event#MoveFrom,from,http://www.phenome-fppn.fr/m3p/phenoarch/,llca,19/05/2017
http://www.phenome-fppn.fr/m3p/arch/2017/c17000281,12/05/2017,Transfer of plants from PHENOARCH to PHENODYN,http://www.phenome-fppn.fr/vocabulary/m3p/2015/event#MoveFrom,from,http://www.phenome-fppn.fr/m3p/phenoarch/,llca,19/05/2017
http://www.phenome-fppn.fr/m3p/arch/2017/c17000288,12/05/2017,Transfer of plants from PHENOARCH to PHENODYN,http://www.phenome-fppn.fr/vocabulary/m3p/2015/event#MoveFrom,from,http://www.phenome-fppn.fr/m3p/phenoarch/,llca,19/05/2017
http://www.phenome-fppn.fr/m3p/arch/2017/c17000295,12/05/2017,Transfer of plants from PHENOARCH to PHENODYN,http://www.phenome-fppn.fr/vocabulary/m3p/2015/event#MoveFrom,from,http://www.phenome-fppn.fr/m3p/phenoarch/,llca,19/05/2017
http://www.phenome-fppn.fr/m3p/arch/2017/c17000603,12/05/2017,Transfer of plants from PHENOARCH to PHENODYN,http://www.phenome-fppn.fr/vocabulary/m3p/2015/event#MoveFrom,from,http://www.phenome-fppn.fr/m3p/phenoarch/,llca,19/05/2017
http://www.phenome-fppn.fr/m3p/arch/2017/c17000612,12/05/2017,Transfer of plants from PHENOARCH to PHENODYN,http://www.phenome-fppn.fr/vocabulary/m3p/2015/event#MoveFrom,from,http://www.phenome-fppn.fr/m3p/phenoarch/,llca,19/05/2017
http://www.phenome-fppn.fr/m3p/arch/2017/c17000613,12/05/2017,Transfer of plants from PHENOARCH to PHENODYN,http://www.phenome-fppn.fr/vocabulary/m3p/2015/event#MoveFrom,from,http://www.phenome-fppn.fr/m3p/phenoarch/,llca,19/05/2017
http://www.phenome-fppn.fr/m3p/arch/2017/c17000635,12/05/2017,Transfer of plants from PHENOARCH to PHENODYN,http://www.phenome-fppn.fr/vocabulary/m3p/2015/event#MoveFrom,from,http://www.phenome-fppn.fr/m3p/phenoarch/,llca,19/05/2017
http://www.phenome-fppn.fr/m3p/arch/2017/c17000640,12/05/2017,Transfer of plants from PHENOARCH to PHENODYN,http://www.phenome-fppn.fr/vocabulary/m3p/2015/event#MoveFrom,from,http://www.phenome-fppn.fr/m3p/phenoarch/,llca,19/05/2017
http://www.phenome-fppn.fr/m3p/arch/2017/c17000642,12/05/2017,Transfer of plants from PHENOARCH to PHENODYN,http://www.phenome-fppn.fr/vocabulary/m3p/2015/event#MoveFrom,from,http://www.phenome-fppn.fr/m3p/phenoarch/,llca,19/05/2017
http://www.phenome-fppn.fr/m3p/arch/2017/c17000658,12/05/2017,Transfer of plants from PHENOARCH to PHENODYN,http://www.phenome-fppn.fr/vocabulary/m3p/2015/event#MoveFrom,from,http://www.phenome-fppn.fr/m3p/phenoarch/,llca,19/05/2017
http://www.phenome-fppn.fr/m3p/arch/2017/c17001081,12/05/2017,Transfer of plants from PHENOARCH to PHENODYN,http://www.phenome-fppn.fr/vocabulary/m3p/2015/event#MoveFrom,from,http://www.phenome-fppn.fr/m3p/phenoarch/,llca,19/05/2017
http://www.phenome-fppn.fr/m3p/arch/2017/c17001089,12/05/2017,Transfer of plants from PHENOARCH to PHENODYN,http://www.phenome-fppn.fr/vocabulary/m3p/2015/event#MoveFrom,from,http://www.phenome-fppn.fr/m3p/phenoarch/,llca,19/05/2017
http://www.phenome-fppn.fr/m3p/arch/2017/c17001096,12/05/2017,Transfer of plants from PHENOARCH to PHENODYN,http://www.phenome-fppn.fr/vocabulary/m3p/2015/event#MoveFrom,from,http://www.phenome-fppn.fr/m3p/phenoarch/,llca,19/05/2017
http://www.phenome-fppn.fr/m3p/arch/2017/c17001097,12/05/2017,Transfer of plants from PHENOARCH to PHENODYN,http://www.phenome-fppn.fr/vocabulary/m3p/2015/event#MoveFrom,from,http://www.phenome-fppn.fr/m3p/phenoarch/,llca,19/05/2017
http://www.phenome-fppn.fr/m3p/arch/2017/c17001114,12/05/2017,Transfer of plants from PHENOARCH to PHENODYN,http://www.phenome-fppn.fr/vocabulary/m3p/2015/event#MoveFrom,from,http://www.phenome-fppn.fr/m3p/phenoarch/,llca,19/05/2017
http://www.phenome-fppn.fr/m3p/arch/2017/c17001121,12/05/2017,Transfer of plants from PHENOARCH to PHENODYN,http://www.phenome-fppn.fr/vocabulary/m3p/2015/event#MoveFrom,from,http://www.phenome-fppn.fr/m3p/phenoarch/,llca,19/05/2017
http://www.phenome-fppn.fr/m3p/arch/2017/c17001129,12/05/2017,Transfer of plants from PHENOARCH to PHENODYN,http://www.phenome-fppn.fr/vocabulary/m3p/2015/event#MoveFrom,from,http://www.phenome-fppn.fr/m3p/phenoarch/,llca,19/05/2017
http://www.phenome-fppn.fr/m3p/arch/2017/c17001445,12/05/2017,Transfer of plants from PHENOARCH to PHENODYN,http://www.phenome-fppn.fr/vocabulary/m3p/2015/event#MoveFrom,from,http://www.phenome-fppn.fr/m3p/phenoarch/,llca,19/05/2017
http://www.phenome-fppn.fr/m3p/arch/2017/c17001453,12/05/2017,Transfer of plants from PHENOARCH to PHENODYN,http://www.phenome-fppn.fr/vocabulary/m3p/2015/event#MoveFrom,from,http://www.phenome-fppn.fr/m3p/phenoarch/,llca,19/05/2017
http://www.phenome-fppn.fr/m3p/arch/2017/c17001469,12/05/2017,Transfer of plants from PHENOARCH to PHENODYN,http://www.phenome-fppn.fr/vocabulary/m3p/2015/event#MoveFrom,from,http://www.phenome-fppn.fr/m3p/phenoarch/,llca,19/05/2017
http://www.phenome-fppn.fr/m3p/arch/2017/c17001471,12/05/2017,Transfer of plants from PHENOARCH to PHENODYN,http://www.phenome-fppn.fr/vocabulary/m3p/2015/event#MoveFrom,from,http://www.phenome-fppn.fr/m3p/phenoarch/,llca,19/05/2017
http://www.phenome-fppn.fr/m3p/arch/2017/c17001473,12/05/2017,Transfer of plants from PHENOARCH to PHENODYN,http://www.phenome-fppn.fr/vocabulary/m3p/2015/event#MoveFrom,from,http://www.phenome-fppn.fr/m3p/phenoarch/,llca,19/05/2017
http://www.phenome-fppn.fr/m3p/arch/2017/c17001482,12/05/2017,Transfer of plants from PHENOARCH to PHENODYN,http://www.phenome-fppn.fr/vocabulary/m3p/2015/event#MoveFrom,from,http://www.phenome-fppn.fr/m3p/phenoarch/,llca,19/05/2017
http://www.phenome-fppn.fr/m3p/arch/2017/c17001492,12/05/2017,Transfer of plants from PHENOARCH to PHENODYN,http://www.phenome-fppn.fr/vocabulary/m3p/2015/event#MoveFrom,from,http://www.phenome-fppn.fr/m3p/phenoarch/,llca,19/05/2017
http://www.phenome-fppn.fr/m3p/arch/2017/c17000241,19/05/2017,Transfer of plants from PHENOARCH to PHENODYN,http://www.phenome-fppn.fr/vocabulary/m3p/2015/event#MoveTo,to,http://www.phenome-fppn.fr/m3p/phenodyn,llca,26/05/2017
http://www.phenome-fppn.fr/m3p/arch/2017/c17000251,19/05/2017,Transfer of plants from PHENOARCH to PHENODYN,http://www.phenome-fppn.fr/vocabulary/m3p/2015/event#MoveTo,to,http://www.phenome-fppn.fr/m3p/phenodyn,llca,26/05/2017
http://www.phenome-fppn.fr/m3p/arch/2017/c17000252,19/05/2017,Transfer of plants from PHENOARCH to PHENODYN,http://www.phenome-fppn.fr/vocabulary/m3p/2015/event#MoveTo,to,http://www.phenome-fppn.fr/m3p/phenodyn,llca,26/05/2017
http://www.phenome-fppn.fr/m3p/arch/2017/c17000254,19/05/2017,Transfer of plants from PHENOARCH to PHENODYN,http://www.phenome-fppn.fr/vocabulary/m3p/2015/event#MoveTo,to,http://www.phenome-fppn.fr/m3p/phenodyn,llca,26/05/2017
http://www.phenome-fppn.fr/m3p/arch/2017/c17000259,19/05/2017,Transfer of plants from PHENOARCH to PHENODYN,http://www.phenome-fppn.fr/vocabulary/m3p/2015/event#MoveTo,to,http://www.phenome-fppn.fr/m3p/phenodyn,llca,26/05/2017
http://www.phenome-fppn.fr/m3p/arch/2017/c17000260,19/05/2017,Transfer of plants from PHENOARCH to PHENODYN,http://www.phenome-fppn.fr/vocabulary/m3p/2015/event#MoveTo,to,http://www.phenome-fppn.fr/m3p/phenodyn,llca,26/05/2017
http://www.phenome-fppn.fr/m3p/arch/2017/c17000261,19/05/2017,Transfer of plants from PHENOARCH to PHENODYN,http://www.phenome-fppn.fr/vocabulary/m3p/2015/event#MoveTo,to,http://www.phenome-fppn.fr/m3p/phenodyn,llca,26/05/2017
http://www.phenome-fppn.fr/m3p/arch/2017/c17000267,19/05/2017,Transfer of plants from PHENOARCH to PHENODYN,http://www.phenome-fppn.fr/vocabulary/m3p/2015/event#MoveTo,to,http://www.phenome-fppn.fr/m3p/phenodyn,llca,26/05/2017
http://www.phenome-fppn.fr/m3p/arch/2017/c17000268,19/05/2017,Transfer of plants from PHENOARCH to PHENODYN,http://www.phenome-fppn.fr/vocabulary/m3p/2015/event#MoveTo,to,http://www.phenome-fppn.fr/m3p/phenodyn,llca,26/05/2017
http://www.phenome-fppn.fr/m3p/arch/2017/c17000271,19/05/2017,Transfer of plants from PHENOARCH to PHENODYN,http://www.phenome-fppn.fr/vocabulary/m3p/2015/event#MoveTo,to,http://www.phenome-fppn.fr/m3p/phenodyn,llca,26/05/2017
http://www.phenome-fppn.fr/m3p/arch/2017/c17000274,19/05/2017,Transfer of plants from PHENOARCH to PHENODYN,http://www.phenome-fppn.fr/vocabulary/m3p/2015/event#MoveTo,to,http://www.phenome-fppn.fr/m3p/phenodyn,llca,26/05/2017
http://www.phenome-fppn.fr/m3p/arch/2017/c17000278,19/05/2017,Transfer of plants from PHENOARCH to PHENODYN,http://www.phenome-fppn.fr/vocabulary/m3p/2015/event#MoveTo,to,http://www.phenome-fppn.fr/m3p/phenodyn,llca,26/05/2017
http://www.phenome-fppn.fr/m3p/arch/2017/c17000280,19/05/2017,Transfer of plants from PHENOARCH to PHENODYN,http://www.phenome-fppn.fr/vocabulary/m3p/2015/event#MoveTo,to,http://www.phenome-fppn.fr/m3p/phenodyn,llca,26/05/2017
http://www.phenome-fppn.fr/m3p/arch/2017/c17000285,19/05/2017,Transfer of plants from PHENOARCH to PHENODYN,http://www.phenome-fppn.fr/vocabulary/m3p/2015/event#MoveTo,to,http://www.phenome-fppn.fr/m3p/phenodyn,llca,26/05/2017
http://www.phenome-fppn.fr/m3p/arch/2017/c17000292,19/05/2017,Transfer of plants from PHENOARCH to PHENODYN,http://www.phenome-fppn.fr/vocabulary/m3p/2015/event#MoveTo,to,http://www.phenome-fppn.fr/m3p/phenodyn,llca,26/05/2017
http://www.phenome-fppn.fr/m3p/arch/2017/c17000294,19/05/2017,Transfer of plants from PHENOARCH to PHENODYN,http://www.phenome-fppn.fr/vocabulary/m3p/2015/event#MoveTo,to,http://www.phenome-fppn.fr/m3p/phenodyn,llca,26/05/2017
http://www.phenome-fppn.fr/m3p/arch/2017/c17000296,19/05/2017,Transfer of plants from PHENOARCH to PHENODYN,http://www.phenome-fppn.fr/vocabulary/m3p/2015/event#MoveTo,to,http://www.phenome-fppn.fr/m3p/phenodyn,llca,26/05/2017
http://www.phenome-fppn.fr/m3p/arch/2017/c17000298,19/05/2017,Transfer of plants from PHENOARCH to PHENODYN,http://www.phenome-fppn.fr/vocabulary/m3p/2015/event#MoveTo,to,http://www.phenome-fppn.fr/m3p/phenodyn,llca,26/05/2017
http://www.phenome-fppn.fr/m3p/arch/2017/c17000299,19/05/2017,Transfer of plants from PHENOARCH to PHENODYN,http://www.phenome-fppn.fr/vocabulary/m3p/2015/event#MoveTo,to,http://www.phenome-fppn.fr/m3p/phenodyn,llca,26/05/2017
http://www.phenome-fppn.fr/m3p/arch/2017/c17000606,19/05/2017,Transfer of plants from PHENOARCH to PHENODYN,http://www.phenome-fppn.fr/vocabulary/m3p/2015/event#MoveTo,to,http://www.phenome-fppn.fr/m3p/phenodyn,llca,26/05/2017
http://www.phenome-fppn.fr/m3p/arch/2017/c17000609,19/05/2017,Transfer of plants from PHENOARCH to PHENODYN,http://www.phenome-fppn.fr/vocabulary/m3p/2015/event#MoveTo,to,http://www.phenome-fppn.fr/m3p/phenodyn,llca,26/05/2017
http://www.phenome-fppn.fr/m3p/arch/2017/c17000611,19/05/2017,Transfer of plants from PHENOARCH to PHENODYN,http://www.phenome-fppn.fr/vocabulary/m3p/2015/event#MoveTo,to,http://www.phenome-fppn.fr/m3p/phenodyn,llca,26/05/2017
http://www.phenome-fppn.fr/m3p/arch/2017/c17000618,19/05/2017,Transfer of plants from PHENOARCH to PHENODYN,http://www.phenome-fppn.fr/vocabulary/m3p/2015/event#MoveTo,to,http://www.phenome-fppn.fr/m3p/phenodyn,llca,26/05/2017
http://www.phenome-fppn.fr/m3p/arch/2017/c17000619,19/05/2017,Transfer of plants from PHENOARCH to PHENODYN,http://www.phenome-fppn.fr/vocabulary/m3p/2015/event#MoveTo,to,http://www.phenome-fppn.fr/m3p/phenodyn,llca,26/05/2017
http://www.phenome-fppn.fr/m3p/arch/2017/c17000624,19/05/2017,Transfer of plants from PHENOARCH to PHENODYN,http://www.phenome-fppn.fr/vocabulary/m3p/2015/event#MoveTo,to,http://www.phenome-fppn.fr/m3p/phenodyn,llca,26/05/2017
http://www.phenome-fppn.fr/m3p/arch/2017/c17000625,19/05/2017,Transfer of plants from PHENOARCH to PHENODYN,http://www.phenome-fppn.fr/vocabulary/m3p/2015/event#MoveTo,to,http://www.phenome-fppn.fr/m3p/phenodyn,llca,26/05/2017
http://www.phenome-fppn.fr/m3p/arch/2017/c17000627,19/05/2017,Transfer of plants from PHENOARCH to PHENODYN,http://www.phenome-fppn.fr/vocabulary/m3p/2015/event#MoveTo,to,http://www.phenome-fppn.fr/m3p/phenodyn,llca,26/05/2017
http://www.phenome-fppn.fr/m3p/arch/2017/c17000633,19/05/2017,Transfer of plants from PHENOARCH to PHENODYN,http://www.phenome-fppn.fr/vocabulary/m3p/2015/event#MoveTo,to,http://www.phenome-fppn.fr/m3p/phenodyn,llca,26/05/2017
http://www.phenome-fppn.fr/m3p/arch/2017/c17000636,19/05/2017,Transfer of plants from PHENOARCH to PHENODYN,http://www.phenome-fppn.fr/vocabulary/m3p/2015/event#MoveTo,to,http://www.phenome-fppn.fr/m3p/phenodyn,llca,26/05/2017
http://www.phenome-fppn.fr/m3p/arch/2017/c17000641,19/05/2017,Transfer of plants from PHENOARCH to PHENODYN,http://www.phenome-fppn.fr/vocabulary/m3p/2015/event#MoveTo,to,http://www.phenome-fppn.fr/m3p/phenodyn,llca,26/05/2017
http://www.phenome-fppn.fr/m3p/arch/2017/c17000643,19/05/2017,Transfer of plants from PHENOARCH to PHENODYN,http://www.phenome-fppn.fr/vocabulary/m3p/2015/event#MoveTo,to,http://www.phenome-fppn.fr/m3p/phenodyn,llca,26/05/2017
http://www.phenome-fppn.fr/m3p/arch/2017/c17000644,19/05/2017,Transfer of plants from PHENOARCH to PHENODYN,http://www.phenome-fppn.fr/vocabulary/m3p/2015/event#MoveTo,to,http://www.phenome-fppn.fr/m3p/phenodyn,llca,26/05/2017
http://www.phenome-fppn.fr/m3p/arch/2017/c17000646,19/05/2017,Transfer of plants from PHENOARCH to PHENODYN,http://www.phenome-fppn.fr/vocabulary/m3p/2015/event#MoveTo,to,http://www.phenome-fppn.fr/m3p/phenodyn,llca,26/05/2017
http://www.phenome-fppn.fr/m3p/arch/2017/c17000647,19/05/2017,Transfer of plants from PHENOARCH to PHENODYN,http://www.phenome-fppn.fr/vocabulary/m3p/2015/event#MoveTo,to,http://www.phenome-fppn.fr/m3p/phenodyn,llca,26/05/2017
http://www.phenome-fppn.fr/m3p/arch/2017/c17000650,19/05/2017,Transfer of plants from PHENOARCH to PHENODYN,http://www.phenome-fppn.fr/vocabulary/m3p/2015/event#MoveTo,to,http://www.phenome-fppn.fr/m3p/phenodyn,llca,26/05/2017
http://www.phenome-fppn.fr/m3p/arch/2017/c17000653,19/05/2017,Transfer of plants from PHENOARCH to PHENODYN,http://www.phenome-fppn.fr/vocabulary/m3p/2015/event#MoveTo,to,http://www.phenome-fppn.fr/m3p/phenodyn,llca,26/05/2017
http://www.phenome-fppn.fr/m3p/arch/2017/c17000656,19/05/2017,Transfer of plants from PHENOARCH to PHENODYN,http://www.phenome-fppn.fr/vocabulary/m3p/2015/event#MoveTo,to,http://www.phenome-fppn.fr/m3p/phenodyn,llca,26/05/2017
http://www.phenome-fppn.fr/m3p/arch/2017/c17000659,19/05/2017,Transfer of plants from PHENOARCH to PHENODYN,http://www.phenome-fppn.fr/vocabulary/m3p/2015/event#MoveTo,to,http://www.phenome-fppn.fr/m3p/phenodyn,llca,26/05/2017
http://www.phenome-fppn.fr/m3p/arch/2017/c17001085,19/05/2017,Transfer of plants from PHENOARCH to PHENODYN,http://www.phenome-fppn.fr/vocabulary/m3p/2015/event#MoveTo,to,http://www.phenome-fppn.fr/m3p/phenodyn,llca,26/05/2017
http://www.phenome-fppn.fr/m3p/arch/2017/c17001087,19/05/2017,Transfer of plants from PHENOARCH to PHENODYN,http://www.phenome-fppn.fr/vocabulary/m3p/2015/event#MoveTo,to,http://www.phenome-fppn.fr/m3p/phenodyn,llca,26/05/2017
http://www.phenome-fppn.fr/m3p/arch/2017/c17001093,19/05/2017,Transfer of plants from PHENOARCH to PHENODYN,http://www.phenome-fppn.fr/vocabulary/m3p/2015/event#MoveTo,to,http://www.phenome-fppn.fr/m3p/phenodyn,llca,26/05/2017
http://www.phenome-fppn.fr/m3p/arch/2017/c17001095,19/05/2017,Transfer of plants from PHENOARCH to PHENODYN,http://www.phenome-fppn.fr/vocabulary/m3p/2015/event#MoveTo,to,http://www.phenome-fppn.fr/m3p/phenodyn,llca,26/05/2017
http://www.phenome-fppn.fr/m3p/arch/2017/c17001098,19/05/2017,Transfer of plants from PHENOARCH to PHENODYN,http://www.phenome-fppn.fr/vocabulary/m3p/2015/event#MoveTo,to,http://www.phenome-fppn.fr/m3p/phenodyn,llca,26/05/2017
http://www.phenome-fppn.fr/m3p/arch/2017/c17001100,19/05/2017,Transfer of plants from PHENOARCH to PHENODYN,http://www.phenome-fppn.fr/vocabulary/m3p/2015/event#MoveTo,to,http://www.phenome-fppn.fr/m3p/phenodyn,llca,26/05/2017
http://www.phenome-fppn.fr/m3p/arch/2017/c17001101,19/05/2017,Transfer of plants from PHENOARCH to PHENODYN,http://www.phenome-fppn.fr/vocabulary/m3p/2015/event#MoveTo,to,http://www.phenome-fppn.fr/m3p/phenodyn,llca,26/05/2017
http://www.phenome-fppn.fr/m3p/arch/2017/c17001105,19/05/2017,Transfer of plants from PHENOARCH to PHENODYN,http://www.phenome-fppn.fr/vocabulary/m3p/2015/event#MoveTo,to,http://www.phenome-fppn.fr/m3p/phenodyn,llca,26/05/2017
http://www.phenome-fppn.fr/m3p/arch/2017/c17001112,19/05/2017,Transfer of plants from PHENOARCH to PHENODYN,http://www.phenome-fppn.fr/vocabulary/m3p/2015/event#MoveTo,to,http://www.phenome-fppn.fr/m3p/phenodyn,llca,26/05/2017
http://www.phenome-fppn.fr/m3p/arch/2017/c17001116,19/05/2017,Transfer of plants from PHENOARCH to PHENODYN,http://www.phenome-fppn.fr/vocabulary/m3p/2015/event#MoveTo,to,http://www.phenome-fppn.fr/m3p/phenodyn,llca,26/05/2017
http://www.phenome-fppn.fr/m3p/arch/2017/c17001122,19/05/2017,Transfer of plants from PHENOARCH to PHENODYN,http://www.phenome-fppn.fr/vocabulary/m3p/2015/event#MoveTo,to,http://www.phenome-fppn.fr/m3p/phenodyn,llca,26/05/2017
http://www.phenome-fppn.fr/m3p/arch/2017/c17001123,19/05/2017,Transfer of plants from PHENOARCH to PHENODYN,http://www.phenome-fppn.fr/vocabulary/m3p/2015/event#MoveTo,to,http://www.phenome-fppn.fr/m3p/phenodyn,llca,26/05/2017
http://www.phenome-fppn.fr/m3p/arch/2017/c17001131,19/05/2017,Transfer of plants from PHENOARCH to PHENODYN,http://www.phenome-fppn.fr/vocabulary/m3p/2015/event#MoveTo,to,http://www.phenome-fppn.fr/m3p/phenodyn,llca,26/05/2017
http://www.phenome-fppn.fr/m3p/arch/2017/c17001132,19/05/2017,Transfer of plants from PHENOARCH to PHENODYN,http://www.phenome-fppn.fr/vocabulary/m3p/2015/event#MoveTo,to,http://www.phenome-fppn.fr/m3p/phenodyn,llca,26/05/2017
http://www.phenome-fppn.fr/m3p/arch/2017/c17001133,19/05/2017,Transfer of plants from PHENOARCH to PHENODYN,http://www.phenome-fppn.fr/vocabulary/m3p/2015/event#MoveTo,to,http://www.phenome-fppn.fr/m3p/phenodyn,llca,26/05/2017
http://www.phenome-fppn.fr/m3p/arch/2017/c17001134,19/05/2017,Transfer of plants from PHENOARCH to PHENODYN,http://www.phenome-fppn.fr/vocabulary/m3p/2015/event#MoveTo,to,http://www.phenome-fppn.fr/m3p/phenodyn,llca,26/05/2017
http://www.phenome-fppn.fr/m3p/arch/2017/c17001136,19/05/2017,Transfer of plants from PHENOARCH to PHENODYN,http://www.phenome-fppn.fr/vocabulary/m3p/2015/event#MoveTo,to,http://www.phenome-fppn.fr/m3p/phenodyn,llca,26/05/2017
http://www.phenome-fppn.fr/m3p/arch/2017/c17001137,19/05/2017,Transfer of plants from PHENOARCH to PHENODYN,http://www.phenome-fppn.fr/vocabulary/m3p/2015/event#MoveTo,to,http://www.phenome-fppn.fr/m3p/phenodyn,llca,26/05/2017
http://www.phenome-fppn.fr/m3p/arch/2017/c17001139,19/05/2017,Transfer of plants from PHENOARCH to PHENODYN,http://www.phenome-fppn.fr/vocabulary/m3p/2015/event#MoveTo,to,http://www.phenome-fppn.fr/m3p/phenodyn,llca,26/05/2017
http://www.phenome-fppn.fr/m3p/arch/2017/c17001441,19/05/2017,Transfer of plants from PHENOARCH to PHENODYN,http://www.phenome-fppn.fr/vocabulary/m3p/2015/event#MoveTo,to,http://www.phenome-fppn.fr/m3p/phenodyn,llca,26/05/2017
http://www.phenome-fppn.fr/m3p/arch/2017/c17001443,19/05/2017,Transfer of plants from PHENOARCH to PHENODYN,http://www.phenome-fppn.fr/vocabulary/m3p/2015/event#MoveTo,to,http://www.phenome-fppn.fr/m3p/phenodyn,llca,26/05/2017
http://www.phenome-fppn.fr/m3p/arch/2017/c17001444,19/05/2017,Transfer of plants from PHENOARCH to PHENODYN,http://www.phenome-fppn.fr/vocabulary/m3p/2015/event#MoveTo,to,http://www.phenome-fppn.fr/m3p/phenodyn,llca,26/05/2017
http://www.phenome-fppn.fr/m3p/arch/2017/c17001446,19/05/2017,Transfer of plants from PHENOARCH to PHENODYN,http://www.phenome-fppn.fr/vocabulary/m3p/2015/event#MoveTo,to,http://www.phenome-fppn.fr/m3p/phenodyn,llca,26/05/2017
http://www.phenome-fppn.fr/m3p/arch/2017/c17001451,19/05/2017,Transfer of plants from PHENOARCH to PHENODYN,http://www.phenome-fppn.fr/vocabulary/m3p/2015/event#MoveTo,to,http://www.phenome-fppn.fr/m3p/phenodyn,llca,26/05/2017
http://www.phenome-fppn.fr/m3p/arch/2017/c17001452,19/05/2017,Transfer of plants from PHENOARCH to PHENODYN,http://www.phenome-fppn.fr/vocabulary/m3p/2015/event#MoveTo,to,http://www.phenome-fppn.fr/m3p/phenodyn,llca,26/05/2017
http://www.phenome-fppn.fr/m3p/arch/2017/c17001456,19/05/2017,Transfer of plants from PHENOARCH to PHENODYN,http://www.phenome-fppn.fr/vocabulary/m3p/2015/event#MoveTo,to,http://www.phenome-fppn.fr/m3p/phenodyn,llca,26/05/2017
http://www.phenome-fppn.fr/m3p/arch/2017/c17001457,19/05/2017,Transfer of plants from PHENOARCH to PHENODYN,http://www.phenome-fppn.fr/vocabulary/m3p/2015/event#MoveTo,to,http://www.phenome-fppn.fr/m3p/phenodyn,llca,26/05/2017
http://www.phenome-fppn.fr/m3p/arch/2017/c17001464,19/05/2017,Transfer of plants from PHENOARCH to PHENODYN,http://www.phenome-fppn.fr/vocabulary/m3p/2015/event#MoveTo,to,http://www.phenome-fppn.fr/m3p/phenodyn,llca,26/05/2017
http://www.phenome-fppn.fr/m3p/arch/2017/c17001467,19/05/2017,Transfer of plants from PHENOARCH to PHENODYN,http://www.phenome-fppn.fr/vocabulary/m3p/2015/event#MoveTo,to,http://www.phenome-fppn.fr/m3p/phenodyn,llca,26/05/2017
http://www.phenome-fppn.fr/m3p/arch/2017/c17001468,19/05/2017,Transfer of plants from PHENOARCH to PHENODYN,http://www.phenome-fppn.fr/vocabulary/m3p/2015/event#MoveTo,to,http://www.phenome-fppn.fr/m3p/phenodyn,llca,26/05/2017
http://www.phenome-fppn.fr/m3p/arch/2017/c17001474,19/05/2017,Transfer of plants from PHENOARCH to PHENODYN,http://www.phenome-fppn.fr/vocabulary/m3p/2015/event#MoveTo,to,http://www.phenome-fppn.fr/m3p/phenodyn,llca,26/05/2017
http://www.phenome-fppn.fr/m3p/arch/2017/c17001477,19/05/2017,Transfer of plants from PHENOARCH to PHENODYN,http://www.phenome-fppn.fr/vocabulary/m3p/2015/event#MoveTo,to,http://www.phenome-fppn.fr/m3p/phenodyn,llca,26/05/2017
http://www.phenome-fppn.fr/m3p/arch/2017/c17001485,19/05/2017,Transfer of plants from PHENOARCH to PHENODYN,http://www.phenome-fppn.fr/vocabulary/m3p/2015/event#MoveTo,to,http://www.phenome-fppn.fr/m3p/phenodyn,llca,26/05/2017
http://www.phenome-fppn.fr/m3p/arch/2017/c17001487,19/05/2017,Transfer of plants from PHENOARCH to PHENODYN,http://www.phenome-fppn.fr/vocabulary/m3p/2015/event#MoveTo,to,http://www.phenome-fppn.fr/m3p/phenodyn,llca,26/05/2017
http://www.phenome-fppn.fr/m3p/arch/2017/c17001495,19/05/2017,Transfer of plants from PHENOARCH to PHENODYN,http://www.phenome-fppn.fr/vocabulary/m3p/2015/event#MoveTo,to,http://www.phenome-fppn.fr/m3p/phenodyn,llca,26/05/2017
http://www.phenome-fppn.fr/m3p/arch/2017/c17001496,19/05/2017,Transfer of plants from PHENOARCH to PHENODYN,http://www.phenome-fppn.fr/vocabulary/m3p/2015/event#MoveTo,to,http://www.phenome-fppn.fr/m3p/phenodyn,llca,26/05/2017
http://www.phenome-fppn.fr/m3p/arch/2017/c17001499,19/05/2017,Transfer of plants from PHENOARCH to PHENODYN,http://www.phenome-fppn.fr/vocabulary/m3p/2015/event#MoveTo,to,http://www.phenome-fppn.fr/m3p/phenodyn,llca,26/05/2017
http://www.phenome-fppn.fr/m3p/arch/2017/c17001500,19/05/2017,Transfer of plants from PHENOARCH to PHENODYN,http://www.phenome-fppn.fr/vocabulary/m3p/2015/event#MoveTo,to,http://www.phenome-fppn.fr/m3p/phenodyn,llca,26/05/2017
http://www.phenome-fppn.fr/m3p/arch/2017/c17000242,16/05/2017,Transfer of plants from PHENOARCH to PHENODYN,http://www.phenome-fppn.fr/vocabulary/m3p/2015/event#MoveTo,to,http://www.phenome-fppn.fr/m3p/phenodyn,llca,23/05/2017
http://www.phenome-fppn.fr/m3p/arch/2017/c17000247,16/05/2017,Transfer of plants from PHENOARCH to PHENODYN,http://www.phenome-fppn.fr/vocabulary/m3p/2015/event#MoveTo,to,http://www.phenome-fppn.fr/m3p/phenodyn,llca,23/05/2017
http://www.phenome-fppn.fr/m3p/arch/2017/c17000248,16/05/2017,Transfer of plants from PHENOARCH to PHENODYN,http://www.phenome-fppn.fr/vocabulary/m3p/2015/event#MoveTo,to,http://www.phenome-fppn.fr/m3p/phenodyn,llca,23/05/2017
http://www.phenome-fppn.fr/m3p/arch/2017/c17000258,16/05/2017,Transfer of plants from PHENOARCH to PHENODYN,http://www.phenome-fppn.fr/vocabulary/m3p/2015/event#MoveTo,to,http://www.phenome-fppn.fr/m3p/phenodyn,llca,23/05/2017
http://www.phenome-fppn.fr/m3p/arch/2017/c17000265,16/05/2017,Transfer of plants from PHENOARCH to PHENODYN,http://www.phenome-fppn.fr/vocabulary/m3p/2015/event#MoveTo,to,http://www.phenome-fppn.fr/m3p/phenodyn,llca,23/05/2017
http://www.phenome-fppn.fr/m3p/arch/2017/c17000282,16/05/2017,Transfer of plants from PHENOARCH to PHENODYN,http://www.phenome-fppn.fr/vocabulary/m3p/2015/event#MoveTo,to,http://www.phenome-fppn.fr/m3p/phenodyn,llca,23/05/2017
http://www.phenome-fppn.fr/m3p/arch/2017/c17000283,16/05/2017,Transfer of plants from PHENOARCH to PHENODYN,http://www.phenome-fppn.fr/vocabulary/m3p/2015/event#MoveTo,to,http://www.phenome-fppn.fr/m3p/phenodyn,llca,23/05/2017
http://www.phenome-fppn.fr/m3p/arch/2017/c17000286,16/05/2017,Transfer of plants from PHENOARCH to PHENODYN,http://www.phenome-fppn.fr/vocabulary/m3p/2015/event#MoveTo,to,http://www.phenome-fppn.fr/m3p/phenodyn,llca,23/05/2017
http://www.phenome-fppn.fr/m3p/arch/2017/c17000290,16/05/2017,Transfer of plants from PHENOARCH to PHENODYN,http://www.phenome-fppn.fr/vocabulary/m3p/2015/event#MoveTo,to,http://www.phenome-fppn.fr/m3p/phenodyn,llca,23/05/2017
http://www.phenome-fppn.fr/m3p/arch/2017/c17000297,16/05/2017,Transfer of plants from PHENOARCH to PHENODYN,http://www.phenome-fppn.fr/vocabulary/m3p/2015/event#MoveTo,to,http://www.phenome-fppn.fr/m3p/phenodyn,llca,23/05/2017
http://www.phenome-fppn.fr/m3p/arch/2017/c17000300,16/05/2017,Transfer of plants from PHENOARCH to PHENODYN,http://www.phenome-fppn.fr/vocabulary/m3p/2015/event#MoveTo,to,http://www.phenome-fppn.fr/m3p/phenodyn,llca,23/05/2017
http://www.phenome-fppn.fr/m3p/arch/2017/c17000605,16/05/2017,Transfer of plants from PHENOARCH to PHENODYN,http://www.phenome-fppn.fr/vocabulary/m3p/2015/event#MoveTo,to,http://www.phenome-fppn.fr/m3p/phenodyn,llca,23/05/2017
http://www.phenome-fppn.fr/m3p/arch/2017/c17000607,16/05/2017,Transfer of plants from PHENOARCH to PHENODYN,http://www.phenome-fppn.fr/vocabulary/m3p/2015/event#MoveTo,to,http://www.phenome-fppn.fr/m3p/phenodyn,llca,23/05/2017
http://www.phenome-fppn.fr/m3p/arch/2017/c17000608,16/05/2017,Transfer of plants from PHENOARCH to PHENODYN,http://www.phenome-fppn.fr/vocabulary/m3p/2015/event#MoveTo,to,http://www.phenome-fppn.fr/m3p/phenodyn,llca,23/05/2017
http://www.phenome-fppn.fr/m3p/arch/2017/c17000610,16/05/2017,Transfer of plants from PHENOARCH to PHENODYN,http://www.phenome-fppn.fr/vocabulary/m3p/2015/event#MoveTo,to,http://www.phenome-fppn.fr/m3p/phenodyn,llca,23/05/2017
http://www.phenome-fppn.fr/m3p/arch/2017/c17000614,16/05/2017,Transfer of plants from PHENOARCH to PHENODYN,http://www.phenome-fppn.fr/vocabulary/m3p/2015/event#MoveTo,to,http://www.phenome-fppn.fr/m3p/phenodyn,llca,23/05/2017
http://www.phenome-fppn.fr/m3p/arch/2017/c17000622,16/05/2017,Transfer of plants from PHENOARCH to PHENODYN,http://www.phenome-fppn.fr/vocabulary/m3p/2015/event#MoveTo,to,http://www.phenome-fppn.fr/m3p/phenodyn,llca,23/05/2017
http://www.phenome-fppn.fr/m3p/arch/2017/c17000628,16/05/2017,Transfer of plants from PHENOARCH to PHENODYN,http://www.phenome-fppn.fr/vocabulary/m3p/2015/event#MoveTo,to,http://www.phenome-fppn.fr/m3p/phenodyn,llca,23/05/2017
http://www.phenome-fppn.fr/m3p/arch/2017/c17000630,16/05/2017,Transfer of plants from PHENOARCH to PHENODYN,http://www.phenome-fppn.fr/vocabulary/m3p/2015/event#MoveTo,to,http://www.phenome-fppn.fr/m3p/phenodyn,llca,23/05/2017
http://www.phenome-fppn.fr/m3p/arch/2017/c17000632,16/05/2017,Transfer of plants from PHENOARCH to PHENODYN,http://www.phenome-fppn.fr/vocabulary/m3p/2015/event#MoveTo,to,http://www.phenome-fppn.fr/m3p/phenodyn,llca,23/05/2017
http://www.phenome-fppn.fr/m3p/arch/2017/c17000660,16/05/2017,Transfer of plants from PHENOARCH to PHENODYN,http://www.phenome-fppn.fr/vocabulary/m3p/2015/event#MoveTo,to,http://www.phenome-fppn.fr/m3p/phenodyn,llca,23/05/2017
http://www.phenome-fppn.fr/m3p/arch/2017/c17001083,16/05/2017,Transfer of plants from PHENOARCH to PHENODYN,http://www.phenome-fppn.fr/vocabulary/m3p/2015/event#MoveTo,to,http://www.phenome-fppn.fr/m3p/phenodyn,llca,23/05/2017
http://www.phenome-fppn.fr/m3p/arch/2017/c17001084,16/05/2017,Transfer of plants from PHENOARCH to PHENODYN,http://www.phenome-fppn.fr/vocabulary/m3p/2015/event#MoveTo,to,http://www.phenome-fppn.fr/m3p/phenodyn,llca,23/05/2017
http://www.phenome-fppn.fr/m3p/arch/2017/c17001091,16/05/2017,Transfer of plants from PHENOARCH to PHENODYN,http://www.phenome-fppn.fr/vocabulary/m3p/2015/event#MoveTo,to,http://www.phenome-fppn.fr/m3p/phenodyn,llca,23/05/2017
http://www.phenome-fppn.fr/m3p/arch/2017/c17001094,16/05/2017,Transfer of plants from PHENOARCH to PHENODYN,http://www.phenome-fppn.fr/vocabulary/m3p/2015/event#MoveTo,to,http://www.phenome-fppn.fr/m3p/phenodyn,llca,23/05/2017
http://www.phenome-fppn.fr/m3p/arch/2017/c17001099,16/05/2017,Transfer of plants from PHENOARCH to PHENODYN,http://www.phenome-fppn.fr/vocabulary/m3p/2015/event#MoveTo,to,http://www.phenome-fppn.fr/m3p/phenodyn,llca,23/05/2017
http://www.phenome-fppn.fr/m3p/arch/2017/c17001103,16/05/2017,Transfer of plants from PHENOARCH to PHENODYN,http://www.phenome-fppn.fr/vocabulary/m3p/2015/event#MoveTo,to,http://www.phenome-fppn.fr/m3p/phenodyn,llca,23/05/2017
http://www.phenome-fppn.fr/m3p/arch/2017/c17001108,16/05/2017,Transfer of plants from PHENOARCH to PHENODYN,http://www.phenome-fppn.fr/vocabulary/m3p/2015/event#MoveTo,to,http://www.phenome-fppn.fr/m3p/phenodyn,llca,23/05/2017
http://www.phenome-fppn.fr/m3p/arch/2017/c17001117,16/05/2017,Transfer of plants from PHENOARCH to PHENODYN,http://www.phenome-fppn.fr/vocabulary/m3p/2015/event#MoveTo,to,http://www.phenome-fppn.fr/m3p/phenodyn,llca,23/05/2017
http://www.phenome-fppn.fr/m3p/arch/2017/c17001124,16/05/2017,Transfer of plants from PHENOARCH to PHENODYN,http://www.phenome-fppn.fr/vocabulary/m3p/2015/event#MoveTo,to,http://www.phenome-fppn.fr/m3p/phenodyn,llca,23/05/2017
http://www.phenome-fppn.fr/m3p/arch/2017/c17001135,16/05/2017,Transfer of plants from PHENOARCH to PHENODYN,http://www.phenome-fppn.fr/vocabulary/m3p/2015/event#MoveTo,to,http://www.phenome-fppn.fr/m3p/phenodyn,llca,23/05/2017
http://www.phenome-fppn.fr/m3p/arch/2017/c17001140,16/05/2017,Transfer of plants from PHENOARCH to PHENODYN,http://www.phenome-fppn.fr/vocabulary/m3p/2015/event#MoveTo,to,http://www.phenome-fppn.fr/m3p/phenodyn,llca,23/05/2017
http://www.phenome-fppn.fr/m3p/arch/2017/c17001442,16/05/2017,Transfer of plants from PHENOARCH to PHENODYN,http://www.phenome-fppn.fr/vocabulary/m3p/2015/event#MoveTo,to,http://www.phenome-fppn.fr/m3p/phenodyn,llca,23/05/2017
http://www.phenome-fppn.fr/m3p/arch/2017/c17001448,16/05/2017,Transfer of plants from PHENOARCH to PHENODYN,http://www.phenome-fppn.fr/vocabulary/m3p/2015/event#MoveTo,to,http://www.phenome-fppn.fr/m3p/phenodyn,llca,23/05/2017
http://www.phenome-fppn.fr/m3p/arch/2017/c17001449,16/05/2017,Transfer of plants from PHENOARCH to PHENODYN,http://www.phenome-fppn.fr/vocabulary/m3p/2015/event#MoveTo,to,http://www.phenome-fppn.fr/m3p/phenodyn,llca,23/05/2017
http://www.phenome-fppn.fr/m3p/arch/2017/c17001450,16/05/2017,Transfer of plants from PHENOARCH to PHENODYN,http://www.phenome-fppn.fr/vocabulary/m3p/2015/event#MoveTo,to,http://www.phenome-fppn.fr/m3p/phenodyn,llca,23/05/2017
http://www.phenome-fppn.fr/m3p/arch/2017/c17001480,16/05/2017,Transfer of plants from PHENOARCH to PHENODYN,http://www.phenome-fppn.fr/vocabulary/m3p/2015/event#MoveTo,to,http://www.phenome-fppn.fr/m3p/phenodyn,llca,23/05/2017
http://www.phenome-fppn.fr/m3p/arch/2017/c17001481,16/05/2017,Transfer of plants from PHENOARCH to PHENODYN,http://www.phenome-fppn.fr/vocabulary/m3p/2015/event#MoveTo,to,http://www.phenome-fppn.fr/m3p/phenodyn,llca,23/05/2017
http://www.phenome-fppn.fr/m3p/arch/2017/c17001484,16/05/2017,Transfer of plants from PHENOARCH to PHENODYN,http://www.phenome-fppn.fr/vocabulary/m3p/2015/event#MoveTo,to,http://www.phenome-fppn.fr/m3p/phenodyn,llca,23/05/2017
http://www.phenome-fppn.fr/m3p/arch/2017/c17001486,16/05/2017,Transfer of plants from PHENOARCH to PHENODYN,http://www.phenome-fppn.fr/vocabulary/m3p/2015/event#MoveTo,to,http://www.phenome-fppn.fr/m3p/phenodyn,llca,23/05/2017
http://www.phenome-fppn.fr/m3p/arch/2017/c17001489,16/05/2017,Transfer of plants from PHENOARCH to PHENODYN,http://www.phenome-fppn.fr/vocabulary/m3p/2015/event#MoveTo,to,http://www.phenome-fppn.fr/m3p/phenodyn,llca,23/05/2017
http://www.phenome-fppn.fr/m3p/arch/2017/c17001498,16/05/2017,Transfer of plants from PHENOARCH to PHENODYN,http://www.phenome-fppn.fr/vocabulary/m3p/2015/event#MoveTo,to,http://www.phenome-fppn.fr/m3p/phenodyn,llca,23/05/2017
http://www.phenome-fppn.fr/m3p/arch/2017/c17000255,23/05/2017,Transfer of plants from PHENOARCH to PHENODYN,http://www.phenome-fppn.fr/vocabulary/m3p/2015/event#MoveTo,to,http://www.phenome-fppn.fr/m3p/phenodyn,llca,30/05/2017
http://www.phenome-fppn.fr/m3p/arch/2017/c17000262,23/05/2017,Transfer of plants from PHENOARCH to PHENODYN,http://www.phenome-fppn.fr/vocabulary/m3p/2015/event#MoveTo,to,http://www.phenome-fppn.fr/m3p/phenodyn,llca,30/05/2017
http://www.phenome-fppn.fr/m3p/arch/2017/c17000263,23/05/2017,Transfer of plants from PHENOARCH to PHENODYN,http://www.phenome-fppn.fr/vocabulary/m3p/2015/event#MoveTo,to,http://www.phenome-fppn.fr/m3p/phenodyn,llca,30/05/2017
http://www.phenome-fppn.fr/m3p/arch/2017/c17000264,23/05/2017,Transfer of plants from PHENOARCH to PHENODYN,http://www.phenome-fppn.fr/vocabulary/m3p/2015/event#MoveTo,to,http://www.phenome-fppn.fr/m3p/phenodyn,llca,30/05/2017
http://www.phenome-fppn.fr/m3p/arch/2017/c17000270,23/05/2017,Transfer of plants from PHENOARCH to PHENODYN,http://www.phenome-fppn.fr/vocabulary/m3p/2015/event#MoveTo,to,http://www.phenome-fppn.fr/m3p/phenodyn,llca,30/05/2017
http://www.phenome-fppn.fr/m3p/arch/2017/c17000277,23/05/2017,Transfer of plants from PHENOARCH to PHENODYN,http://www.phenome-fppn.fr/vocabulary/m3p/2015/event#MoveTo,to,http://www.phenome-fppn.fr/m3p/phenodyn,llca,30/05/2017
http://www.phenome-fppn.fr/m3p/arch/2017/c17000284,23/05/2017,Transfer of plants from PHENOARCH to PHENODYN,http://www.phenome-fppn.fr/vocabulary/m3p/2015/event#MoveTo,to,http://www.phenome-fppn.fr/m3p/phenodyn,llca,30/05/2017
http://www.phenome-fppn.fr/m3p/arch/2017/c17000287,23/05/2017,Transfer of plants from PHENOARCH to PHENODYN,http://www.phenome-fppn.fr/vocabulary/m3p/2015/event#MoveTo,to,http://www.phenome-fppn.fr/m3p/phenodyn,llca,30/05/2017
http://www.phenome-fppn.fr/m3p/arch/2017/c17000602,23/05/2017,Transfer of plants from PHENOARCH to PHENODYN,http://www.phenome-fppn.fr/vocabulary/m3p/2015/event#MoveTo,to,http://www.phenome-fppn.fr/m3p/phenodyn,llca,30/05/2017
http://www.phenome-fppn.fr/m3p/arch/2017/c17000615,23/05/2017,Transfer of plants from PHENOARCH to PHENODYN,http://www.phenome-fppn.fr/vocabulary/m3p/2015/event#MoveTo,to,http://www.phenome-fppn.fr/m3p/phenodyn,llca,30/05/2017
http://www.phenome-fppn.fr/m3p/arch/2017/c17000617,23/05/2017,Transfer of plants from PHENOARCH to PHENODYN,http://www.phenome-fppn.fr/vocabulary/m3p/2015/event#MoveTo,to,http://www.phenome-fppn.fr/m3p/phenodyn,llca,30/05/2017
http://www.phenome-fppn.fr/m3p/arch/2017/c17000620,23/05/2017,Transfer of plants from PHENOARCH to PHENODYN,http://www.phenome-fppn.fr/vocabulary/m3p/2015/event#MoveTo,to,http://www.phenome-fppn.fr/m3p/phenodyn,llca,30/05/2017
http://www.phenome-fppn.fr/m3p/arch/2017/c17000626,23/05/2017,Transfer of plants from PHENOARCH to PHENODYN,http://www.phenome-fppn.fr/vocabulary/m3p/2015/event#MoveTo,to,http://www.phenome-fppn.fr/m3p/phenodyn,llca,30/05/2017
http://www.phenome-fppn.fr/m3p/arch/2017/c17000629,23/05/2017,Transfer of plants from PHENOARCH to PHENODYN,http://www.phenome-fppn.fr/vocabulary/m3p/2015/event#MoveTo,to,http://www.phenome-fppn.fr/m3p/phenodyn,llca,30/05/2017
http://www.phenome-fppn.fr/m3p/arch/2017/c17000655,23/05/2017,Transfer of plants from PHENOARCH to PHENODYN,http://www.phenome-fppn.fr/vocabulary/m3p/2015/event#MoveTo,to,http://www.phenome-fppn.fr/m3p/phenodyn,llca,30/05/2017
http://www.phenome-fppn.fr/m3p/arch/2017/c17000657,23/05/2017,Transfer of plants from PHENOARCH to PHENODYN,http://www.phenome-fppn.fr/vocabulary/m3p/2015/event#MoveTo,to,http://www.phenome-fppn.fr/m3p/phenodyn,llca,30/05/2017
http://www.phenome-fppn.fr/m3p/arch/2017/c17001088,23/05/2017,Transfer of plants from PHENOARCH to PHENODYN,http://www.phenome-fppn.fr/vocabulary/m3p/2015/event#MoveTo,to,http://www.phenome-fppn.fr/m3p/phenodyn,llca,30/05/2017
http://www.phenome-fppn.fr/m3p/arch/2017/c17001092,23/05/2017,Transfer of plants from PHENOARCH to PHENODYN,http://www.phenome-fppn.fr/vocabulary/m3p/2015/event#MoveTo,to,http://www.phenome-fppn.fr/m3p/phenodyn,llca,30/05/2017
http://www.phenome-fppn.fr/m3p/arch/2017/c17001110,23/05/2017,Transfer of plants from PHENOARCH to PHENODYN,http://www.phenome-fppn.fr/vocabulary/m3p/2015/event#MoveTo,to,http://www.phenome-fppn.fr/m3p/phenodyn,llca,30/05/2017
http://www.phenome-fppn.fr/m3p/arch/2017/c17001115,23/05/2017,Transfer of plants from PHENOARCH to PHENODYN,http://www.phenome-fppn.fr/vocabulary/m3p/2015/event#MoveTo,to,http://www.phenome-fppn.fr/m3p/phenodyn,llca,30/05/2017
http://www.phenome-fppn.fr/m3p/arch/2017/c17001120,23/05/2017,Transfer of plants from PHENOARCH to PHENODYN,http://www.phenome-fppn.fr/vocabulary/m3p/2015/event#MoveTo,to,http://www.phenome-fppn.fr/m3p/phenodyn,llca,30/05/2017
http://www.phenome-fppn.fr/m3p/arch/2017/c17001127,23/05/2017,Transfer of plants from PHENOARCH to PHENODYN,http://www.phenome-fppn.fr/vocabulary/m3p/2015/event#MoveTo,to,http://www.phenome-fppn.fr/m3p/phenodyn,llca,30/05/2017
http://www.phenome-fppn.fr/m3p/arch/2017/c17001128,23/05/2017,Transfer of plants from PHENOARCH to PHENODYN,http://www.phenome-fppn.fr/vocabulary/m3p/2015/event#MoveTo,to,http://www.phenome-fppn.fr/m3p/phenodyn,llca,30/05/2017
http://www.phenome-fppn.fr/m3p/arch/2017/c17001130,23/05/2017,Transfer of plants from PHENOARCH to PHENODYN,http://www.phenome-fppn.fr/vocabulary/m3p/2015/event#MoveTo,to,http://www.phenome-fppn.fr/m3p/phenodyn,llca,30/05/2017
http://www.phenome-fppn.fr/m3p/arch/2017/c17001454,23/05/2017,Transfer of plants from PHENOARCH to PHENODYN,http://www.phenome-fppn.fr/vocabulary/m3p/2015/event#MoveTo,to,http://www.phenome-fppn.fr/m3p/phenodyn,llca,30/05/2017
http://www.phenome-fppn.fr/m3p/arch/2017/c17001459,23/05/2017,Transfer of plants from PHENOARCH to PHENODYN,http://www.phenome-fppn.fr/vocabulary/m3p/2015/event#MoveTo,to,http://www.phenome-fppn.fr/m3p/phenodyn,llca,30/05/2017
http://www.phenome-fppn.fr/m3p/arch/2017/c17001475,23/05/2017,Transfer of plants from PHENOARCH to PHENODYN,http://www.phenome-fppn.fr/vocabulary/m3p/2015/event#MoveTo,to,http://www.phenome-fppn.fr/m3p/phenodyn,llca,30/05/2017
http://www.phenome-fppn.fr/m3p/arch/2017/c17001479,23/05/2017,Transfer of plants from PHENOARCH to PHENODYN,http://www.phenome-fppn.fr/vocabulary/m3p/2015/event#MoveTo,to,http://www.phenome-fppn.fr/m3p/phenodyn,llca,30/05/2017
http://www.phenome-fppn.fr/m3p/arch/2017/c17001483,23/05/2017,Transfer of plants from PHENOARCH to PHENODYN,http://www.phenome-fppn.fr/vocabulary/m3p/2015/event#MoveTo,to,http://www.phenome-fppn.fr/m3p/phenodyn,llca,30/05/2017
http://www.phenome-fppn.fr/m3p/arch/2017/c17001490,23/05/2017,Transfer of plants from PHENOARCH to PHENODYN,http://www.phenome-fppn.fr/vocabulary/m3p/2015/event#MoveTo,to,http://www.phenome-fppn.fr/m3p/phenodyn,llca,30/05/2017
http://www.phenome-fppn.fr/m3p/arch/2017/c17001493,23/05/2017,Transfer of plants from PHENOARCH to PHENODYN,http://www.phenome-fppn.fr/vocabulary/m3p/2015/event#MoveTo,to,http://www.phenome-fppn.fr/m3p/phenodyn,llca,30/05/2017
http://www.phenome-fppn.fr/m3p/arch/2017/c17001494,23/05/2017,Transfer of plants from PHENOARCH to PHENODYN,http://www.phenome-fppn.fr/vocabulary/m3p/2015/event#MoveTo,to,http://www.phenome-fppn.fr/m3p/phenodyn,llca,30/05/2017
http://www.phenome-fppn.fr/m3p/arch/2017/c17000244,12/05/2017,Transfer of plants from PHENOARCH to PHENODYN,http://www.phenome-fppn.fr/vocabulary/m3p/2015/event#MoveTo,to,http://www.phenome-fppn.fr/m3p/phenodyn,llca,19/05/2017
http://www.phenome-fppn.fr/m3p/arch/2017/c17000246,12/05/2017,Transfer of plants from PHENOARCH to PHENODYN,http://www.phenome-fppn.fr/vocabulary/m3p/2015/event#MoveTo,to,http://www.phenome-fppn.fr/m3p/phenodyn,llca,19/05/2017
http://www.phenome-fppn.fr/m3p/arch/2017/c17000249,12/05/2017,Transfer of plants from PHENOARCH to PHENODYN,http://www.phenome-fppn.fr/vocabulary/m3p/2015/event#MoveTo,to,http://www.phenome-fppn.fr/m3p/phenodyn,llca,19/05/2017
http://www.phenome-fppn.fr/m3p/arch/2017/c17000257,12/05/2017,Transfer of plants from PHENOARCH to PHENODYN,http://www.phenome-fppn.fr/vocabulary/m3p/2015/event#MoveTo,to,http://www.phenome-fppn.fr/m3p/phenodyn,llca,19/05/2017
http://www.phenome-fppn.fr/m3p/arch/2017/c17000281,12/05/2017,Transfer of plants from PHENOARCH to PHENODYN,http://www.phenome-fppn.fr/vocabulary/m3p/2015/event#MoveTo,to,http://www.phenome-fppn.fr/m3p/phenodyn,llca,19/05/2017
http://www.phenome-fppn.fr/m3p/arch/2017/c17000288,12/05/2017,Transfer of plants from PHENOARCH to PHENODYN,http://www.phenome-fppn.fr/vocabulary/m3p/2015/event#MoveTo,to,http://www.phenome-fppn.fr/m3p/phenodyn,llca,19/05/2017
http://www.phenome-fppn.fr/m3p/arch/2017/c17000295,12/05/2017,Transfer of plants from PHENOARCH to PHENODYN,http://www.phenome-fppn.fr/vocabulary/m3p/2015/event#MoveTo,to,http://www.phenome-fppn.fr/m3p/phenodyn,llca,19/05/2017
http://www.phenome-fppn.fr/m3p/arch/2017/c17000603,12/05/2017,Transfer of plants from PHENOARCH to PHENODYN,http://www.phenome-fppn.fr/vocabulary/m3p/2015/event#MoveTo,to,http://www.phenome-fppn.fr/m3p/phenodyn,llca,19/05/2017
http://www.phenome-fppn.fr/m3p/arch/2017/c17000612,12/05/2017,Transfer of plants from PHENOARCH to PHENODYN,http://www.phenome-fppn.fr/vocabulary/m3p/2015/event#MoveTo,to,http://www.phenome-fppn.fr/m3p/phenodyn,llca,19/05/2017
http://www.phenome-fppn.fr/m3p/arch/2017/c17000613,12/05/2017,Transfer of plants from PHENOARCH to PHENODYN,http://www.phenome-fppn.fr/vocabulary/m3p/2015/event#MoveTo,to,http://www.phenome-fppn.fr/m3p/phenodyn,llca,19/05/2017
http://www.phenome-fppn.fr/m3p/arch/2017/c17000635,12/05/2017,Transfer of plants from PHENOARCH to PHENODYN,http://www.phenome-fppn.fr/vocabulary/m3p/2015/event#MoveTo,to,http://www.phenome-fppn.fr/m3p/phenodyn,llca,19/05/2017
http://www.phenome-fppn.fr/m3p/arch/2017/c17000640,12/05/2017,Transfer of plants from PHENOARCH to PHENODYN,http://www.phenome-fppn.fr/vocabulary/m3p/2015/event#MoveTo,to,http://www.phenome-fppn.fr/m3p/phenodyn,llca,19/05/2017
http://www.phenome-fppn.fr/m3p/arch/2017/c17000642,12/05/2017,Transfer of plants from PHENOARCH to PHENODYN,http://www.phenome-fppn.fr/vocabulary/m3p/2015/event#MoveTo,to,http://www.phenome-fppn.fr/m3p/phenodyn,llca,19/05/2017
http://www.phenome-fppn.fr/m3p/arch/2017/c17000658,12/05/2017,Transfer of plants from PHENOARCH to PHENODYN,http://www.phenome-fppn.fr/vocabulary/m3p/2015/event#MoveTo,to,http://www.phenome-fppn.fr/m3p/phenodyn,llca,19/05/2017
http://www.phenome-fppn.fr/m3p/arch/2017/c17001081,12/05/2017,Transfer of plants from PHENOARCH to PHENODYN,http://www.phenome-fppn.fr/vocabulary/m3p/2015/event#MoveTo,to,http://www.phenome-fppn.fr/m3p/phenodyn,llca,19/05/2017
http://www.phenome-fppn.fr/m3p/arch/2017/c17001089,12/05/2017,Transfer of plants from PHENOARCH to PHENODYN,http://www.phenome-fppn.fr/vocabulary/m3p/2015/event#MoveTo,to,http://www.phenome-fppn.fr/m3p/phenodyn,llca,19/05/2017
http://www.phenome-fppn.fr/m3p/arch/2017/c17001096,12/05/2017,Transfer of plants from PHENOARCH to PHENODYN,http://www.phenome-fppn.fr/vocabulary/m3p/2015/event#MoveTo,to,http://www.phenome-fppn.fr/m3p/phenodyn,llca,19/05/2017
http://www.phenome-fppn.fr/m3p/arch/2017/c17001097,12/05/2017,Transfer of plants from PHENOARCH to PHENODYN,http://www.phenome-fppn.fr/vocabulary/m3p/2015/event#MoveTo,to,http://www.phenome-fppn.fr/m3p/phenodyn,llca,19/05/2017
http://www.phenome-fppn.fr/m3p/arch/2017/c17001114,12/05/2017,Transfer of plants from PHENOARCH to PHENODYN,http://www.phenome-fppn.fr/vocabulary/m3p/2015/event#MoveTo,to,http://www.phenome-fppn.fr/m3p/phenodyn,llca,19/05/2017
http://www.phenome-fppn.fr/m3p/arch/2017/c17001121,12/05/2017,Transfer of plants from PHENOARCH to PHENODYN,http://www.phenome-fppn.fr/vocabulary/m3p/2015/event#MoveTo,to,http://www.phenome-fppn.fr/m3p/phenodyn,llca,19/05/2017
http://www.phenome-fppn.fr/m3p/arch/2017/c17001129,12/05/2017,Transfer of plants from PHENOARCH to PHENODYN,http://www.phenome-fppn.fr/vocabulary/m3p/2015/event#MoveTo,to,http://www.phenome-fppn.fr/m3p/phenodyn,llca,19/05/2017
http://www.phenome-fppn.fr/m3p/arch/2017/c17001445,12/05/2017,Transfer of plants from PHENOARCH to PHENODYN,http://www.phenome-fppn.fr/vocabulary/m3p/2015/event#MoveTo,to,http://www.phenome-fppn.fr/m3p/phenodyn,llca,19/05/2017
http://www.phenome-fppn.fr/m3p/arch/2017/c17001453,12/05/2017,Transfer of plants from PHENOARCH to PHENODYN,http://www.phenome-fppn.fr/vocabulary/m3p/2015/event#MoveTo,to,http://www.phenome-fppn.fr/m3p/phenodyn,llca,19/05/2017
http://www.phenome-fppn.fr/m3p/arch/2017/c17001469,12/05/2017,Transfer of plants from PHENOARCH to PHENODYN,http://www.phenome-fppn.fr/vocabulary/m3p/2015/event#MoveTo,to,http://www.phenome-fppn.fr/m3p/phenodyn,llca,19/05/2017
http://www.phenome-fppn.fr/m3p/arch/2017/c17001471,12/05/2017,Transfer of plants from PHENOARCH to PHENODYN,http://www.phenome-fppn.fr/vocabulary/m3p/2015/event#MoveTo,to,http://www.phenome-fppn.fr/m3p/phenodyn,llca,19/05/2017
http://www.phenome-fppn.fr/m3p/arch/2017/c17001473,12/05/2017,Transfer of plants from PHENOARCH to PHENODYN,http://www.phenome-fppn.fr/vocabulary/m3p/2015/event#MoveTo,to,http://www.phenome-fppn.fr/m3p/phenodyn,llca,19/05/2017
http://www.phenome-fppn.fr/m3p/arch/2017/c17001482,12/05/2017,Transfer of plants from PHENOARCH to PHENODYN,http://www.phenome-fppn.fr/vocabulary/m3p/2015/event#MoveTo,to,http://www.phenome-fppn.fr/m3p/phenodyn,llca,19/05/2017
http://www.phenome-fppn.fr/m3p/arch/2017/c17001492,12/05/2017,Transfer of plants from PHENOARCH to PHENODYN,http://www.phenome-fppn.fr/vocabulary/m3p/2015/event#MoveTo,to,http://www.phenome-fppn.fr/m3p/phenodyn,llca,19/05/2017
